researcher_id,full_name,faculty_id,primary_program_id,academic_background,profile_summary,research_interests,methodological_expertise,application_domains,years_experience,active
INV-001,Daniel Moreno Valencia,FAC-001,PRG-002,PhD en área afín a optimización; formación profesional relacionada con Ingeniería Electrónica.,"Investigador con experiencia en optimización y procesamiento de señales, orientada a resolver problemas aplicados mediante enfoques interdisciplinarios.",optimización; procesamiento de señales,clasificación supervisada; modelos probabilísticos,procesamiento de señales; ciberseguridad,7,True
INV-002,Paula Cárdenas Torres,FAC-001,PRG-003,PhD en área afín a IoT; formación profesional relacionada con Ingeniería Industrial.,"Investigador con experiencia en IoT y arquitecturas digitales, orientada a resolver problemas aplicados mediante enfoques interdisciplinarios.",IoT; arquitecturas digitales,diseño experimental; optimización,arquitecturas digitales; optimización,10,True
INV-003,Mateo López Navarro,FAC-001,PRG-001,MSc en área afín a aprendizaje automático; formación profesional relacionada con Ingeniería de Sistemas.,"Investigador con experiencia en aprendizaje automático y ciberseguridad, orientada a resolver problemas aplicados mediante enfoques interdisciplinarios.",aprendizaje automático; ciberseguridad,modelos probabilísticos; series temporales,ciberseguridad; procesamiento de señales,13,True
INV-004,Adriana Mendoza Moreno,FAC-001,PRG-001,PhD en área afín a optimización; formación profesional relacionada con Ingeniería de Sistemas.,"Investigador con experiencia en optimización y aprendizaje automático, orientada a resolver problemas aplicados mediante enfoques interdisciplinarios.",optimización; aprendizaje automático,optimización; modelos probabilísticos,aprendizaje automático; aprendizaje automático,16,True
INV-005,Andrés Acosta Montoya,FAC-001,PRG-001,MSc en área afín a arquitecturas digitales; formación profesional relacionada con Ingeniería de Sistemas.,"Investigador con experiencia en arquitecturas digitales y aprendizaje automático, orientada a resolver problemas aplicados mediante enfoques interdisciplinarios.",arquitecturas digitales; aprendizaje automático,simulación; recuperación de información,aprendizaje automático; arquitecturas digitales,19,True
INV-006,Valentina Ramírez Cardona,FAC-001,PRG-002,PhD en área afín a arquitecturas digitales; formación profesional relacionada con Ingeniería Electrónica.,"Investigador con experiencia en arquitecturas digitales y aprendizaje automático, orientada a resolver problemas aplicados mediante enfoques interdisciplinarios.",arquitecturas digitales; aprendizaje automático,diseño experimental; modelamiento estadístico,aprendizaje automático; IoT,4,True
INV-007,Alejandro Salazar Martínez,FAC-001,PRG-002,PhD en área afín a procesamiento de señales; formación profesional relacionada con Ingeniería Electrónica.,"Investigador con experiencia en procesamiento de señales y aprendizaje automático, orientada a resolver problemas aplicados mediante enfoques interdisciplinarios.",procesamiento de señales; aprendizaje automático,simulación; procesamiento de señales,aprendizaje automático; ciberseguridad,7,True
INV-008,Mónica Montoya Mejía,FAC-001,PRG-003,MSc en área afín a aprendizaje automático; formación profesional relacionada con Ingeniería Industrial.,"Investigador con experiencia en aprendizaje automático y arquitecturas digitales, orientada a resolver problemas aplicados mediante enfoques interdisciplinarios.",aprendizaje automático; arquitecturas digitales,simulación; diseño experimental,arquitecturas digitales; optimización,10,True
INV-009,Juan Castro Ramírez,FAC-001,PRG-002,PhD en área afín a procesamiento de señales; formación profesional relacionada con Ingeniería Electrónica.,"Investigador con experiencia en procesamiento de señales y aprendizaje automático, orientada a resolver problemas aplicados mediante enfoques interdisciplinarios.",procesamiento de señales; aprendizaje automático,diseño experimental; procesamiento de señales,aprendizaje automático; procesamiento de señales,13,True
INV-010,Natalia Valencia Suárez,FAC-001,PRG-001,MSc en área afín a optimización; formación profesional relacionada con Ingeniería de Sistemas.,"Investigador con experiencia en optimización y arquitecturas digitales, orientada a resolver problemas aplicados mediante enfoques interdisciplinarios.",optimización; arquitecturas digitales,procesamiento de señales; análisis causal,arquitecturas digitales; aprendizaje automático,16,True
INV-011,Miguel Rodríguez Rojas,FAC-001,PRG-003,PhD en área afín a ciberseguridad; formación profesional relacionada con Ingeniería Industrial.,"Investigador con experiencia en ciberseguridad y procesamiento de señales, orientada a resolver problemas aplicados mediante enfoques interdisciplinarios.",ciberseguridad; procesamiento de señales,análisis causal; series temporales,procesamiento de señales; arquitecturas digitales,19,True
INV-012,Elena Ortiz Ospina,FAC-001,PRG-002,PhD en área afín a arquitecturas digitales; formación profesional relacionada con Ingeniería Electrónica.,"Investigador con experiencia en arquitecturas digitales y ciberseguridad, orientada a resolver problemas aplicados mediante enfoques interdisciplinarios.",arquitecturas digitales; ciberseguridad,series temporales; optimización,ciberseguridad; IoT,4,True
INV-013,Carlos Suárez Mendoza,FAC-001,PRG-002,MSc en área afín a ciberseguridad; formación profesional relacionada con Ingeniería Electrónica.,"Investigador con experiencia en ciberseguridad y IoT, orientada a resolver problemas aplicados mediante enfoques interdisciplinarios.",ciberseguridad; IoT,modelamiento estadístico; simulación,IoT; ciberseguridad,7,True
INV-014,Sofía Hernández Rodríguez,FAC-001,PRG-001,PhD en área afín a procesamiento de señales; formación profesional relacionada con Ingeniería de Sistemas.,"Investigador con experiencia en procesamiento de señales y ciberseguridad, orientada a resolver problemas aplicados mediante enfoques interdisciplinarios.",procesamiento de señales; ciberseguridad,simulación; modelos probabilísticos,ciberseguridad; optimización,10,True
INV-015,Sebastián Cardona Quintero,FAC-001,PRG-003,MSc en área afín a arquitecturas digitales; formación profesional relacionada con Ingeniería Industrial.,"Investigador con experiencia en arquitecturas digitales y IoT, orientada a resolver problemas aplicados mediante enfoques interdisciplinarios.",arquitecturas digitales; IoT,recuperación de información; optimización,IoT; procesamiento de señales,13,True
INV-016,Lucía Cruz Pérez,FAC-001,PRG-003,PhD en área afín a procesamiento de señales; formación profesional relacionada con Ingeniería Industrial.,"Investigador con experiencia en procesamiento de señales y ciberseguridad, orientada a resolver problemas aplicados mediante enfoques interdisciplinarios.",procesamiento de señales; ciberseguridad,diseño experimental; clasificación supervisada,ciberseguridad; aprendizaje automático,16,True
INV-017,Tomás Torres Cárdenas,FAC-001,PRG-002,PhD en área afín a optimización; formación profesional relacionada con Ingeniería Electrónica.,"Investigador con experiencia en optimización y ciberseguridad, orientada a resolver problemas aplicados mediante enfoques interdisciplinarios.",optimización; ciberseguridad,procesamiento de señales; clasificación supervisada,ciberseguridad; arquitecturas digitales,19,True
INV-018,Camila Quintero Castro,FAC-001,PRG-001,MSc en área afín a aprendizaje automático; formación profesional relacionada con Ingeniería de Sistemas.,"Investigador con experiencia en aprendizaje automático y optimización, orientada a resolver problemas aplicados mediante enfoques interdisciplinarios.",modelos predictivos; clasificación; analítica educativa,clasificación supervisada; calibración de modelos,educación; permanencia estudiantil,4,True
INV-019,Ricardo Giraldo Cruz,FAC-001,PRG-002,PhD en área afín a arquitecturas digitales; formación profesional relacionada con Ingeniería Electrónica.,"Investigador con experiencia en arquitecturas digitales y optimización, orientada a resolver problemas aplicados mediante enfoques interdisciplinarios.",arquitecturas digitales; optimización,procesamiento de señales; clasificación supervisada,optimización; ciberseguridad,7,True
INV-020,Carolina Rojas Silva,FAC-001,PRG-003,MSc en área afín a ciberseguridad; formación profesional relacionada con Ingeniería Industrial.,"Investigador con experiencia en ciberseguridad y IoT, orientada a resolver problemas aplicados mediante enfoques interdisciplinarios.",ciberseguridad; IoT,simulación; modelos probabilísticos,IoT; optimización,10,True
INV-021,Nicolás Arias Gómez,FAC-001,PRG-002,PhD en área afín a aprendizaje automático; formación profesional relacionada con Ingeniería Electrónica.,"Investigador con experiencia en aprendizaje automático y optimización, orientada a resolver problemas aplicados mediante enfoques interdisciplinarios.",aprendizaje automático; optimización,series temporales; clasificación supervisada,optimización; procesamiento de señales,13,True
INV-022,Laura Martínez Salazar,FAC-001,PRG-003,PhD en área afín a arquitecturas digitales; formación profesional relacionada con Ingeniería Industrial.,"Investigador con experiencia en arquitecturas digitales y IoT, orientada a resolver problemas aplicados mediante enfoques interdisciplinarios.",arquitecturas digitales; IoT,clasificación supervisada; modelamiento estadístico,IoT; aprendizaje automático,16,True
INV-023,Jorge Silva Hernández,FAC-001,PRG-001,MSc en área afín a optimización; formación profesional relacionada con Ingeniería de Sistemas.,"Investigador con experiencia en optimización y ciberseguridad, orientada a resolver problemas aplicados mediante enfoques interdisciplinarios.",optimización; ciberseguridad,diseño experimental; procesamiento de señales,ciberseguridad; arquitecturas digitales,19,True
INV-024,Juliana Navarro Arias,FAC-001,PRG-001,PhD en área afín a procesamiento de señales; formación profesional relacionada con Ingeniería de Sistemas.,"Investigador con experiencia en procesamiento de señales y ciberseguridad, orientada a resolver problemas aplicados mediante enfoques interdisciplinarios.",procesamiento de señales; ciberseguridad,diseño experimental; clasificación supervisada,ciberseguridad; IoT,4,True
INV-025,David Pérez Vargas,FAC-001,PRG-002,MSc en área afín a procesamiento de señales; formación profesional relacionada con Ingeniería Electrónica.,"Investigador con experiencia en procesamiento de señales y aprendizaje automático, orientada a resolver problemas aplicados mediante enfoques interdisciplinarios.",procesamiento de señales; aprendizaje automático,simulación; diseño experimental,aprendizaje automático; ciberseguridad,7,True
INV-026,María Restrepo Acosta,FAC-001,PRG-002,PhD en área afín a aprendizaje automático; formación profesional relacionada con Ingeniería Electrónica.,"Investigador con experiencia en aprendizaje automático y IoT, orientada a resolver problemas aplicados mediante enfoques interdisciplinarios.",aprendizaje automático; IoT,modelos probabilísticos; análisis causal,IoT; optimización,10,True
INV-027,Felipe Ospina Ortiz,FAC-001,PRG-002,PhD en área afín a ciberseguridad; formación profesional relacionada con Ingeniería Electrónica.,"Investigador con experiencia en ciberseguridad y optimización, orientada a resolver problemas aplicados mediante enfoques interdisciplinarios.",ciberseguridad; optimización,análisis causal; clasificación supervisada,optimización; procesamiento de señales,13,True
INV-028,Diana Vargas Giraldo,FAC-001,PRG-003,MSc en área afín a aprendizaje automático; formación profesional relacionada con Ingeniería Industrial.,"Investigador con experiencia en aprendizaje automático y arquitecturas digitales, orientada a resolver problemas aplicados mediante enfoques interdisciplinarios.",aprendizaje automático; arquitecturas digitales,modelamiento estadístico; optimización,arquitecturas digitales; aprendizaje automático,16,True
INV-029,Santiago Mejía Restrepo,FAC-001,PRG-001,PhD en área afín a optimización; formación profesional relacionada con Ingeniería de Sistemas.,"Investigador con experiencia en optimización y aprendizaje automático, orientada a resolver problemas aplicados mediante enfoques interdisciplinarios.",optimización; aprendizaje automático,diseño experimental; series temporales,aprendizaje automático; arquitecturas digitales,19,True
INV-030,Ana Gómez López,FAC-001,PRG-003,MSc en área afín a IoT; formación profesional relacionada con Ingeniería Industrial.,"Investigador con experiencia en IoT y procesamiento de señales, orientada a resolver problemas aplicados mediante enfoques interdisciplinarios.",IoT; procesamiento de señales,optimización; modelamiento estadístico,procesamiento de señales; IoT,4,True
INV-031,Daniel Moreno Valencia,FAC-001,PRG-002,PhD en área afín a aprendizaje automático; formación profesional relacionada con Ingeniería Electrónica.,"Investigador con experiencia en aprendizaje automático y ciberseguridad, orientada a resolver problemas aplicados mediante enfoques interdisciplinarios.",aprendizaje automático; ciberseguridad,análisis causal; clasificación supervisada,ciberseguridad; ciberseguridad,7,True
INV-032,Paula Cárdenas Torres,FAC-001,PRG-002,PhD en área afín a arquitecturas digitales; formación profesional relacionada con Ingeniería Electrónica.,"Investigador con experiencia en arquitecturas digitales y optimización, orientada a resolver problemas aplicados mediante enfoques interdisciplinarios.",arquitecturas digitales; optimización,series temporales; optimización,optimización; optimización,10,True
INV-033,Mateo López Navarro,FAC-001,PRG-001,MSc en área afín a procesamiento de señales; formación profesional relacionada con Ingeniería de Sistemas.,"Investigador con experiencia en procesamiento de señales y aprendizaje automático, orientada a resolver problemas aplicados mediante enfoques interdisciplinarios.",procesamiento de señales; aprendizaje automático,recuperación de información; procesamiento de señales,aprendizaje automático; procesamiento de señales,13,True
INV-034,Adriana Mendoza Moreno,FAC-001,PRG-001,PhD en área afín a ciberseguridad; formación profesional relacionada con Ingeniería de Sistemas.,"Investigador con experiencia en ciberseguridad y arquitecturas digitales, orientada a resolver problemas aplicados mediante enfoques interdisciplinarios.",ciberseguridad; arquitecturas digitales,modelamiento estadístico; optimización,arquitecturas digitales; aprendizaje automático,16,True
INV-035,Andrés Acosta Montoya,FAC-001,PRG-002,MSc en área afín a ciberseguridad; formación profesional relacionada con Ingeniería Electrónica.,"Investigador con experiencia en ciberseguridad y optimización, orientada a resolver problemas aplicados mediante enfoques interdisciplinarios.",ciberseguridad; optimización,optimización; diseño experimental,optimización; arquitecturas digitales,19,True
INV-036,Valentina Ramírez Cardona,FAC-001,PRG-003,PhD en área afín a optimización; formación profesional relacionada con Ingeniería Industrial.,"Investigador con experiencia en optimización y aprendizaje automático, orientada a resolver problemas aplicados mediante enfoques interdisciplinarios.",optimización; aprendizaje automático,clasificación supervisada; simulación,aprendizaje automático; IoT,4,True
INV-037,Alejandro Salazar Martínez,FAC-001,PRG-001,PhD en área afín a IoT; formación profesional relacionada con Ingeniería de Sistemas.,"Investigador con experiencia en IoT y aprendizaje automático, orientada a resolver problemas aplicados mediante enfoques interdisciplinarios.",IoT; aprendizaje automático,clasificación supervisada; series temporales,aprendizaje automático; ciberseguridad,7,True
INV-038,Mónica Montoya Mejía,FAC-001,PRG-001,MSc en área afín a procesamiento de señales; formación profesional relacionada con Ingeniería de Sistemas.,"Investigador con experiencia en procesamiento de señales y ciberseguridad, orientada a resolver problemas aplicados mediante enfoques interdisciplinarios.",procesamiento de señales; ciberseguridad,modelos probabilísticos; análisis causal,ciberseguridad; optimización,10,True
INV-039,Juan Castro Ramírez,FAC-001,PRG-003,PhD en área afín a optimización; formación profesional relacionada con Ingeniería Industrial.,"Investigador con experiencia en optimización y ciberseguridad, orientada a resolver problemas aplicados mediante enfoques interdisciplinarios.",optimización; ciberseguridad,optimización; análisis causal,ciberseguridad; procesamiento de señales,13,True
INV-040,Natalia Valencia Suárez,FAC-001,PRG-001,MSc en área afín a IoT; formación profesional relacionada con Ingeniería de Sistemas.,"Investigador con experiencia en IoT y procesamiento de señales, orientada a resolver problemas aplicados mediante enfoques interdisciplinarios.",IoT; procesamiento de señales,optimización; series temporales,procesamiento de señales; aprendizaje automático,16,True
INV-041,Miguel Rodríguez Rojas,FAC-001,PRG-003,PhD en área afín a arquitecturas digitales; formación profesional relacionada con Ingeniería Industrial.,"Investigador con experiencia en arquitecturas digitales y aprendizaje automático, orientada a resolver problemas aplicados mediante enfoques interdisciplinarios.",arquitecturas digitales; aprendizaje automático,recuperación de información; series temporales,aprendizaje automático; arquitecturas digitales,19,True
INV-042,Elena Ortiz Ospina,FAC-001,PRG-001,PhD en área afín a IoT; formación profesional relacionada con Ingeniería de Sistemas.,"Investigador con experiencia en IoT y ciberseguridad, orientada a resolver problemas aplicados mediante enfoques interdisciplinarios.",sensores inalámbricos; sistemas embebidos; monitoreo remoto,procesamiento de señales; diseño IoT,salud; ambiente,4,True
INV-043,Carlos Suárez Mendoza,FAC-002,PRG-005,MSc en área afín a riesgos laborales; formación profesional relacionada con Enfermería.,"Investigador con experiencia en riesgos laborales y salud digital, orientada a resolver problemas aplicados mediante enfoques interdisciplinarios.",riesgos laborales; salud digital,series temporales; modelos probabilísticos,salud digital; seguridad del paciente,7,True
INV-044,Sofía Hernández Rodríguez,FAC-002,PRG-005,PhD en área afín a seguridad del paciente; formación profesional relacionada con Enfermería.,"Investigador con experiencia en seguridad del paciente y epidemiología, orientada a resolver problemas aplicados mediante enfoques interdisciplinarios.",seguridad del paciente; epidemiología,modelos probabilísticos; optimización,epidemiología; riesgos laborales,10,True
INV-045,Sebastián Cardona Quintero,FAC-002,PRG-006,MSc en área afín a epidemiología; formación profesional relacionada con Seguridad y Salud en el Trabajo.,"Investigador con experiencia en epidemiología y monitoreo remoto, orientada a resolver problemas aplicados mediante enfoques interdisciplinarios.",epidemiología; monitoreo remoto,recuperación de información; clasificación supervisada,monitoreo remoto; señales biomédicas,13,True
INV-046,Lucía Cruz Pérez,FAC-002,PRG-004,PhD en área afín a seguridad del paciente; formación profesional relacionada con Medicina.,"Investigador con experiencia en seguridad del paciente y salud digital, orientada a resolver problemas aplicados mediante enfoques interdisciplinarios.",seguridad del paciente; salud digital,modelamiento estadístico; modelos probabilísticos,salud digital; salud digital,16,True
INV-047,Tomás Torres Cárdenas,FAC-002,PRG-004,PhD en área afín a seguridad del paciente; formación profesional relacionada con Medicina.,"Investigador con experiencia en seguridad del paciente y epidemiología, orientada a resolver problemas aplicados mediante enfoques interdisciplinarios.",seguridad del paciente; epidemiología,clasificación supervisada; modelos probabilísticos,epidemiología; epidemiología,19,True
INV-048,Camila Quintero Castro,FAC-002,PRG-006,MSc en área afín a monitoreo remoto; formación profesional relacionada con Seguridad y Salud en el Trabajo.,"Investigador con experiencia en monitoreo remoto y salud digital, orientada a resolver problemas aplicados mediante enfoques interdisciplinarios.",monitoreo remoto; salud digital,modelos probabilísticos; series temporales,salud digital; monitoreo remoto,4,True
INV-049,Ricardo Giraldo Cruz,FAC-002,PRG-006,PhD en área afín a epidemiología; formación profesional relacionada con Seguridad y Salud en el Trabajo.,"Investigador con experiencia en epidemiología y riesgos laborales, orientada a resolver problemas aplicados mediante enfoques interdisciplinarios.",epidemiología; riesgos laborales,series temporales; simulación,riesgos laborales; seguridad del paciente,7,True
INV-050,Carolina Rojas Silva,FAC-002,PRG-006,MSc en área afín a señales biomédicas; formación profesional relacionada con Seguridad y Salud en el Trabajo.,"Investigador con experiencia en señales biomédicas y salud digital, orientada a resolver problemas aplicados mediante enfoques interdisciplinarios.",señales biomédicas; salud digital,series temporales; procesamiento de señales,salud digital; riesgos laborales,10,True
INV-051,Nicolás Arias Gómez,FAC-002,PRG-006,PhD en área afín a epidemiología; formación profesional relacionada con Seguridad y Salud en el Trabajo.,"Investigador con experiencia en epidemiología y riesgos laborales, orientada a resolver problemas aplicados mediante enfoques interdisciplinarios.",epidemiología; riesgos laborales,modelamiento estadístico; recuperación de información,riesgos laborales; señales biomédicas,13,True
INV-052,Laura Martínez Salazar,FAC-002,PRG-004,PhD en área afín a salud digital; formación profesional relacionada con Medicina.,"Investigador con experiencia en salud digital y epidemiología, orientada a resolver problemas aplicados mediante enfoques interdisciplinarios.",salud digital; epidemiología,modelos probabilísticos; optimización,epidemiología; salud digital,16,True
INV-053,Jorge Silva Hernández,FAC-002,PRG-004,MSc en área afín a riesgos laborales; formación profesional relacionada con Medicina.,"Investigador con experiencia en riesgos laborales y epidemiología, orientada a resolver problemas aplicados mediante enfoques interdisciplinarios.",riesgos laborales; epidemiología,clasificación supervisada; modelos probabilísticos,epidemiología; epidemiología,19,True
INV-054,Juliana Navarro Arias,FAC-002,PRG-006,PhD en área afín a monitoreo remoto; formación profesional relacionada con Seguridad y Salud en el Trabajo.,"Investigador con experiencia en monitoreo remoto y riesgos laborales, orientada a resolver problemas aplicados mediante enfoques interdisciplinarios.",monitoreo remoto; riesgos laborales,análisis causal; clasificación supervisada,riesgos laborales; monitoreo remoto,4,True
INV-055,David Pérez Vargas,FAC-002,PRG-004,MSc en área afín a riesgos laborales; formación profesional relacionada con Medicina.,"Investigador con experiencia en riesgos laborales y salud digital, orientada a resolver problemas aplicados mediante enfoques interdisciplinarios.",riesgos laborales; salud digital,modelos probabilísticos; modelamiento estadístico,salud digital; seguridad del paciente,7,True
INV-056,María Restrepo Acosta,FAC-002,PRG-004,PhD en área afín a seguridad del paciente; formación profesional relacionada con Medicina.,"Investigador con experiencia en seguridad del paciente y salud digital, orientada a resolver problemas aplicados mediante enfoques interdisciplinarios.",seguridad del paciente; salud digital,simulación; diseño experimental,salud digital; riesgos laborales,10,True
INV-057,Felipe Ospina Ortiz,FAC-002,PRG-005,PhD en área afín a seguridad del paciente; formación profesional relacionada con Enfermería.,"Investigador con experiencia en seguridad del paciente y monitoreo remoto, orientada a resolver problemas aplicados mediante enfoques interdisciplinarios.",seguridad del paciente; monitoreo remoto,series temporales; procesamiento de señales,monitoreo remoto; señales biomédicas,13,True
INV-058,Diana Vargas Giraldo,FAC-002,PRG-005,MSc en área afín a riesgos laborales; formación profesional relacionada con Enfermería.,"Investigador con experiencia en riesgos laborales y monitoreo remoto, orientada a resolver problemas aplicados mediante enfoques interdisciplinarios.",riesgos laborales; monitoreo remoto,series temporales; simulación,monitoreo remoto; salud digital,16,True
INV-059,Santiago Mejía Restrepo,FAC-002,PRG-006,PhD en área afín a señales biomédicas; formación profesional relacionada con Seguridad y Salud en el Trabajo.,"Investigador con experiencia en señales biomédicas y seguridad del paciente, orientada a resolver problemas aplicados mediante enfoques interdisciplinarios.",señales biomédicas; seguridad del paciente,modelos probabilísticos; análisis causal,seguridad del paciente; epidemiología,19,True
INV-060,Ana Gómez López,FAC-002,PRG-006,MSc en área afín a epidemiología; formación profesional relacionada con Seguridad y Salud en el Trabajo.,"Investigador con experiencia en epidemiología y señales biomédicas, orientada a resolver problemas aplicados mediante enfoques interdisciplinarios.",epidemiología; señales biomédicas,análisis causal; diseño experimental,señales biomédicas; monitoreo remoto,4,True
INV-061,Daniel Moreno Valencia,FAC-002,PRG-005,PhD en área afín a riesgos laborales; formación profesional relacionada con Enfermería.,"Investigador con experiencia en riesgos laborales y seguridad del paciente, orientada a resolver problemas aplicados mediante enfoques interdisciplinarios.",riesgos laborales; seguridad del paciente,optimización; simulación,seguridad del paciente; seguridad del paciente,7,True
INV-062,Paula Cárdenas Torres,FAC-002,PRG-004,PhD en área afín a señales biomédicas; formación profesional relacionada con Medicina.,"Investigador con experiencia en señales biomédicas y seguridad del paciente, orientada a resolver problemas aplicados mediante enfoques interdisciplinarios.",señales biomédicas; seguridad del paciente,simulación; recuperación de información,seguridad del paciente; riesgos laborales,10,True
INV-063,Mateo López Navarro,FAC-002,PRG-005,MSc en área afín a señales biomédicas; formación profesional relacionada con Enfermería.,"Investigador con experiencia en señales biomédicas y seguridad del paciente, orientada a resolver problemas aplicados mediante enfoques interdisciplinarios.",señales biomédicas; seguridad del paciente,simulación; clasificación supervisada,seguridad del paciente; señales biomédicas,13,True
INV-064,Adriana Mendoza Moreno,FAC-002,PRG-005,PhD en área afín a monitoreo remoto; formación profesional relacionada con Enfermería.,"Investigador con experiencia en monitoreo remoto y epidemiología, orientada a resolver problemas aplicados mediante enfoques interdisciplinarios.",motivación académica; adaptación universitaria; comportamiento estudiantil,modelos psicométricos; análisis longitudinal,educación; comportamiento,16,True
INV-065,Andrés Acosta Montoya,FAC-002,PRG-005,MSc en área afín a epidemiología; formación profesional relacionada con Enfermería.,"Investigador con experiencia en epidemiología y seguridad del paciente, orientada a resolver problemas aplicados mediante enfoques interdisciplinarios.",epidemiología; seguridad del paciente,optimización; series temporales,seguridad del paciente; epidemiología,19,True
INV-066,Valentina Ramírez Cardona,FAC-002,PRG-004,PhD en área afín a señales biomédicas; formación profesional relacionada con Medicina.,"Investigador con experiencia en señales biomédicas y monitoreo remoto, orientada a resolver problemas aplicados mediante enfoques interdisciplinarios.",señales biomédicas; monitoreo remoto,simulación; modelamiento estadístico,monitoreo remoto; monitoreo remoto,4,True
INV-067,Alejandro Salazar Martínez,FAC-002,PRG-005,PhD en área afín a seguridad del paciente; formación profesional relacionada con Enfermería.,"Investigador con experiencia en seguridad del paciente y monitoreo remoto, orientada a resolver problemas aplicados mediante enfoques interdisciplinarios.",seguridad del paciente; monitoreo remoto,modelamiento estadístico; análisis causal,monitoreo remoto; seguridad del paciente,7,True
INV-068,Mónica Montoya Mejía,FAC-002,PRG-004,MSc en área afín a riesgos laborales; formación profesional relacionada con Medicina.,"Investigador con experiencia en riesgos laborales y seguridad del paciente, orientada a resolver problemas aplicados mediante enfoques interdisciplinarios.",riesgos laborales; seguridad del paciente,modelamiento estadístico; modelos probabilísticos,seguridad del paciente; riesgos laborales,10,True
INV-069,Juan Castro Ramírez,FAC-002,PRG-005,PhD en área afín a monitoreo remoto; formación profesional relacionada con Enfermería.,"Investigador con experiencia en monitoreo remoto y riesgos laborales, orientada a resolver problemas aplicados mediante enfoques interdisciplinarios.",monitoreo remoto; riesgos laborales,clasificación supervisada; modelamiento estadístico,riesgos laborales; señales biomédicas,13,True
INV-070,Natalia Valencia Suárez,FAC-002,PRG-006,MSc en área afín a riesgos laborales; formación profesional relacionada con Seguridad y Salud en el Trabajo.,"Investigador con experiencia en riesgos laborales y epidemiología, orientada a resolver problemas aplicados mediante enfoques interdisciplinarios.",riesgos laborales; epidemiología,análisis causal; procesamiento de señales,epidemiología; salud digital,16,True
INV-071,Miguel Rodríguez Rojas,FAC-002,PRG-004,PhD en área afín a riesgos laborales; formación profesional relacionada con Medicina.,"Investigador con experiencia en riesgos laborales y señales biomédicas, orientada a resolver problemas aplicados mediante enfoques interdisciplinarios.",riesgos laborales; señales biomédicas,optimización; análisis causal,señales biomédicas; epidemiología,19,True
INV-072,Elena Ortiz Ospina,FAC-002,PRG-006,PhD en área afín a señales biomédicas; formación profesional relacionada con Seguridad y Salud en el Trabajo.,"Investigador con experiencia en señales biomédicas y riesgos laborales, orientada a resolver problemas aplicados mediante enfoques interdisciplinarios.",señales biomédicas; riesgos laborales,clasificación supervisada; optimización,riesgos laborales; monitoreo remoto,4,True
INV-073,Carlos Suárez Mendoza,FAC-002,PRG-004,MSc en área afín a seguridad del paciente; formación profesional relacionada con Medicina.,"Investigador con experiencia en seguridad del paciente y señales biomédicas, orientada a resolver problemas aplicados mediante enfoques interdisciplinarios.",seguridad del paciente; señales biomédicas,simulación; modelamiento estadístico,señales biomédicas; seguridad del paciente,7,True
INV-074,Sofía Hernández Rodríguez,FAC-003,PRG-009,PhD en área afín a innovación organizacional; formación profesional relacionada con Economía.,"Investigador con experiencia en innovación organizacional y economía regional, orientada a resolver problemas aplicados mediante enfoques interdisciplinarios.",innovación organizacional; economía regional,recuperación de información; modelamiento estadístico,economía regional; innovación organizacional,10,True
INV-075,Sebastián Cardona Quintero,FAC-003,PRG-007,MSc en área afín a innovación organizacional; formación profesional relacionada con Administración de Empresas.,"Investigador con experiencia en innovación organizacional y series temporales, orientada a resolver problemas aplicados mediante enfoques interdisciplinarios.",innovación organizacional; series temporales,recuperación de información; clasificación supervisada,series temporales; series temporales,13,True
INV-076,Lucía Cruz Pérez,FAC-003,PRG-008,PhD en área afín a optimización; formación profesional relacionada con Ingeniería Financiera.,"Investigador con experiencia en optimización y series temporales, orientada a resolver problemas aplicados mediante enfoques interdisciplinarios.",optimización; series temporales,recuperación de información; modelamiento estadístico,series temporales; optimización,16,True
INV-077,Tomás Torres Cárdenas,FAC-003,PRG-008,PhD en área afín a optimización; formación profesional relacionada con Ingeniería Financiera.,"Investigador con experiencia en optimización y economía regional, orientada a resolver problemas aplicados mediante enfoques interdisciplinarios.",optimización; economía regional,optimización; análisis causal,economía regional; riesgo financiero,19,True
INV-078,Camila Quintero Castro,FAC-003,PRG-007,MSc en área afín a series temporales; formación profesional relacionada con Administración de Empresas.,"Investigador con experiencia en series temporales y optimización, orientada a resolver problemas aplicados mediante enfoques interdisciplinarios.",series temporales; optimización,diseño experimental; optimización,optimización; analítica empresarial,4,True
INV-079,Ricardo Giraldo Cruz,FAC-003,PRG-008,PhD en área afín a innovación organizacional; formación profesional relacionada con Ingeniería Financiera.,"Investigador con experiencia en innovación organizacional y optimización, orientada a resolver problemas aplicados mediante enfoques interdisciplinarios.",innovación organizacional; optimización,recuperación de información; diseño experimental,optimización; economía regional,7,True
INV-080,Carolina Rojas Silva,FAC-003,PRG-009,MSc en área afín a series temporales; formación profesional relacionada con Economía.,"Investigador con experiencia en series temporales y analítica empresarial, orientada a resolver problemas aplicados mediante enfoques interdisciplinarios.",series temporales; analítica empresarial,análisis causal; series temporales,analítica empresarial; innovación organizacional,10,True
INV-081,Nicolás Arias Gómez,FAC-003,PRG-009,PhD en área afín a analítica empresarial; formación profesional relacionada con Economía.,"Investigador con experiencia en analítica empresarial y riesgo financiero, orientada a resolver problemas aplicados mediante enfoques interdisciplinarios.",analítica empresarial; riesgo financiero,simulación; procesamiento de señales,riesgo financiero; series temporales,13,True
INV-082,Laura Martínez Salazar,FAC-003,PRG-009,PhD en área afín a optimización; formación profesional relacionada con Economía.,"Investigador con experiencia en optimización y series temporales, orientada a resolver problemas aplicados mediante enfoques interdisciplinarios.",optimización; series temporales,clasificación supervisada; simulación,series temporales; optimización,16,True
INV-083,Jorge Silva Hernández,FAC-003,PRG-007,MSc en área afín a economía regional; formación profesional relacionada con Administración de Empresas.,"Investigador con experiencia en economía regional y series temporales, orientada a resolver problemas aplicados mediante enfoques interdisciplinarios.",economía regional; series temporales,análisis causal; modelos probabilísticos,series temporales; riesgo financiero,19,True
INV-084,Juliana Navarro Arias,FAC-003,PRG-008,PhD en área afín a economía regional; formación profesional relacionada con Ingeniería Financiera.,"Investigador con experiencia en economía regional y innovación organizacional, orientada a resolver problemas aplicados mediante enfoques interdisciplinarios.",economía regional; innovación organizacional,simulación; modelos probabilísticos,innovación organizacional; analítica empresarial,4,True
INV-085,David Pérez Vargas,FAC-003,PRG-008,MSc en área afín a innovación organizacional; formación profesional relacionada con Ingeniería Financiera.,"Investigador con experiencia en innovación organizacional y optimización, orientada a resolver problemas aplicados mediante enfoques interdisciplinarios.",innovación organizacional; optimización,modelamiento estadístico; modelos probabilísticos,optimización; economía regional,7,True
INV-086,María Restrepo Acosta,FAC-003,PRG-008,PhD en área afín a optimización; formación profesional relacionada con Ingeniería Financiera.,"Investigador con experiencia en optimización y innovación organizacional, orientada a resolver problemas aplicados mediante enfoques interdisciplinarios.",optimización; innovación organizacional,diseño experimental; series temporales,innovación organizacional; innovación organizacional,10,True
INV-087,Felipe Ospina Ortiz,FAC-003,PRG-008,PhD en área afín a riesgo financiero; formación profesional relacionada con Ingeniería Financiera.,"Investigador con experiencia en riesgo financiero y series temporales, orientada a resolver problemas aplicados mediante enfoques interdisciplinarios.",riesgo financiero; series temporales,clasificación supervisada; simulación,series temporales; series temporales,13,True
INV-088,Diana Vargas Giraldo,FAC-003,PRG-009,MSc en área afín a economía regional; formación profesional relacionada con Economía.,"Investigador con experiencia en economía regional y optimización, orientada a resolver problemas aplicados mediante enfoques interdisciplinarios.",economía regional; optimización,diseño experimental; modelamiento estadístico,optimización; optimización,16,True
INV-089,Santiago Mejía Restrepo,FAC-003,PRG-009,PhD en área afín a analítica empresarial; formación profesional relacionada con Economía.,"Investigador con experiencia en analítica empresarial y optimización, orientada a resolver problemas aplicados mediante enfoques interdisciplinarios.",analítica empresarial; optimización,optimización; simulación,optimización; riesgo financiero,19,True
INV-090,Ana Gómez López,FAC-003,PRG-007,MSc en área afín a optimización; formación profesional relacionada con Administración de Empresas.,"Investigador con experiencia en optimización y series temporales, orientada a resolver problemas aplicados mediante enfoques interdisciplinarios.",optimización; series temporales,optimización; análisis causal,series temporales; analítica empresarial,4,True
INV-091,Daniel Moreno Valencia,FAC-003,PRG-007,PhD en área afín a economía regional; formación profesional relacionada con Administración de Empresas.,"Investigador con experiencia en economía regional y series temporales, orientada a resolver problemas aplicados mediante enfoques interdisciplinarios.",economía regional; series temporales,series temporales; procesamiento de señales,series temporales; economía regional,7,True
INV-092,Paula Cárdenas Torres,FAC-003,PRG-007,PhD en área afín a riesgo financiero; formación profesional relacionada con Administración de Empresas.,"Investigador con experiencia en riesgo financiero y economía regional, orientada a resolver problemas aplicados mediante enfoques interdisciplinarios.",riesgo financiero; economía regional,análisis causal; modelamiento estadístico,economía regional; innovación organizacional,10,True
INV-093,Mateo López Navarro,FAC-003,PRG-008,MSc en área afín a innovación organizacional; formación profesional relacionada con Ingeniería Financiera.,"Investigador con experiencia en innovación organizacional y series temporales, orientada a resolver problemas aplicados mediante enfoques interdisciplinarios.",innovación organizacional; series temporales,recuperación de información; modelamiento estadístico,series temporales; series temporales,13,True
INV-094,Adriana Mendoza Moreno,FAC-003,PRG-009,PhD en área afín a riesgo financiero; formación profesional relacionada con Economía.,"Investigador con experiencia en riesgo financiero y optimización, orientada a resolver problemas aplicados mediante enfoques interdisciplinarios.",riesgo financiero; optimización,recuperación de información; series temporales,optimización; optimización,16,True
INV-095,Andrés Acosta Montoya,FAC-003,PRG-007,MSc en área afín a series temporales; formación profesional relacionada con Administración de Empresas.,"Investigador con experiencia en series temporales y optimización, orientada a resolver problemas aplicados mediante enfoques interdisciplinarios.",series temporales; optimización,clasificación supervisada; diseño experimental,optimización; riesgo financiero,19,True
INV-096,Valentina Ramírez Cardona,FAC-003,PRG-008,PhD en área afín a innovación organizacional; formación profesional relacionada con Ingeniería Financiera.,"Investigador con experiencia en innovación organizacional y analítica empresarial, orientada a resolver problemas aplicados mediante enfoques interdisciplinarios.",innovación organizacional; analítica empresarial,procesamiento de señales; clasificación supervisada,analítica empresarial; analítica empresarial,4,True
INV-097,Alejandro Salazar Martínez,FAC-003,PRG-007,PhD en área afín a innovación organizacional; formación profesional relacionada con Administración de Empresas.,"Investigador con experiencia en innovación organizacional y riesgo financiero, orientada a resolver problemas aplicados mediante enfoques interdisciplinarios.",innovación organizacional; riesgo financiero,modelamiento estadístico; análisis causal,riesgo financiero; economía regional,7,True
INV-098,Mónica Montoya Mejía,FAC-003,PRG-007,MSc en área afín a analítica empresarial; formación profesional relacionada con Administración de Empresas.,"Investigador con experiencia en analítica empresarial y optimización, orientada a resolver problemas aplicados mediante enfoques interdisciplinarios.",procesamiento de señales fisiológicas; ECG; wearables,procesamiento de señales; clasificación,salud; telesalud,10,True
INV-099,Juan Castro Ramírez,FAC-003,PRG-009,PhD en área afín a economía regional; formación profesional relacionada con Economía.,"Investigador con experiencia en economía regional y optimización, orientada a resolver problemas aplicados mediante enfoques interdisciplinarios.",economía regional; optimización,series temporales; modelos probabilísticos,optimización; series temporales,13,True
INV-100,Natalia Valencia Suárez,FAC-004,PRG-012,MSc en área afín a currículo; formación profesional relacionada con Ciencias de la Educación.,"Investigador con experiencia en currículo y analítica del aprendizaje, orientada a resolver problemas aplicados mediante enfoques interdisciplinarios.",currículo; analítica del aprendizaje,series temporales; análisis causal,analítica del aprendizaje; permanencia estudiantil,16,True
INV-101,Miguel Rodríguez Rojas,FAC-004,PRG-010,PhD en área afín a currículo; formación profesional relacionada con Licenciatura en Tecnología e Informática.,"Investigador con experiencia en currículo y analítica del aprendizaje, orientada a resolver problemas aplicados mediante enfoques interdisciplinarios.",currículo; analítica del aprendizaje,modelamiento estadístico; clasificación supervisada,analítica del aprendizaje; currículo,19,True
INV-102,Elena Ortiz Ospina,FAC-004,PRG-012,PhD en área afín a analítica del aprendizaje; formación profesional relacionada con Ciencias de la Educación.,"Investigador con experiencia en analítica del aprendizaje y cognición, orientada a resolver problemas aplicados mediante enfoques interdisciplinarios.",analítica del aprendizaje; cognición,modelamiento estadístico; diseño experimental,cognición; procesamiento de lenguaje,4,True
INV-103,Carlos Suárez Mendoza,FAC-004,PRG-012,MSc en área afín a currículo; formación profesional relacionada con Ciencias de la Educación.,"Investigador con experiencia en currículo y tecnología educativa, orientada a resolver problemas aplicados mediante enfoques interdisciplinarios.",currículo; tecnología educativa,clasificación supervisada; simulación,tecnología educativa; analítica del aprendizaje,7,True
INV-104,Sofía Hernández Rodríguez,FAC-004,PRG-010,PhD en área afín a currículo; formación profesional relacionada con Licenciatura en Tecnología e Informática.,"Investigador con experiencia en currículo y tecnología educativa, orientada a resolver problemas aplicados mediante enfoques interdisciplinarios.",currículo; tecnología educativa,diseño experimental; optimización,tecnología educativa; tecnología educativa,10,True
INV-105,Sebastián Cardona Quintero,FAC-004,PRG-010,MSc en área afín a procesamiento de lenguaje; formación profesional relacionada con Licenciatura en Tecnología e Informática.,"Investigador con experiencia en procesamiento de lenguaje y currículo, orientada a resolver problemas aplicados mediante enfoques interdisciplinarios.",procesamiento de lenguaje; currículo,simulación; diseño experimental,currículo; cognición,13,True
INV-106,Lucía Cruz Pérez,FAC-004,PRG-011,PhD en área afín a tecnología educativa; formación profesional relacionada con Psicología.,"Investigador con experiencia en tecnología educativa y analítica del aprendizaje, orientada a resolver problemas aplicados mediante enfoques interdisciplinarios.",tecnología educativa; analítica del aprendizaje,optimización; series temporales,analítica del aprendizaje; permanencia estudiantil,16,True
INV-107,Tomás Torres Cárdenas,FAC-004,PRG-010,PhD en área afín a permanencia estudiantil; formación profesional relacionada con Licenciatura en Tecnología e Informática.,"Investigador con experiencia en permanencia estudiantil y procesamiento de lenguaje, orientada a resolver problemas aplicados mediante enfoques interdisciplinarios.",permanencia estudiantil; procesamiento de lenguaje,análisis causal; optimización,procesamiento de lenguaje; currículo,19,True
INV-108,Camila Quintero Castro,FAC-004,PRG-010,MSc en área afín a currículo; formación profesional relacionada con Licenciatura en Tecnología e Informática.,"Investigador con experiencia en currículo y analítica del aprendizaje, orientada a resolver problemas aplicados mediante enfoques interdisciplinarios.",currículo; analítica del aprendizaje,optimización; modelos probabilísticos,analítica del aprendizaje; procesamiento de lenguaje,4,True
INV-109,Ricardo Giraldo Cruz,FAC-004,PRG-010,PhD en área afín a procesamiento de lenguaje; formación profesional relacionada con Licenciatura en Tecnología e Informática.,"Investigador con experiencia en procesamiento de lenguaje y analítica del aprendizaje, orientada a resolver problemas aplicados mediante enfoques interdisciplinarios.",procesamiento de lenguaje; analítica del aprendizaje,diseño experimental; simulación,analítica del aprendizaje; analítica del aprendizaje,7,True
INV-110,Carolina Rojas Silva,FAC-004,PRG-011,MSc en área afín a cognición; formación profesional relacionada con Psicología.,"Investigador con experiencia en cognición y permanencia estudiantil, orientada a resolver problemas aplicados mediante enfoques interdisciplinarios.",cognición; permanencia estudiantil,simulación; optimización,permanencia estudiantil; tecnología educativa,10,True
INV-111,Nicolás Arias Gómez,FAC-004,PRG-011,PhD en área afín a analítica del aprendizaje; formación profesional relacionada con Psicología.,"Investigador con experiencia en analítica del aprendizaje y permanencia estudiantil, orientada a resolver problemas aplicados mediante enfoques interdisciplinarios.",analítica del aprendizaje; permanencia estudiantil,series temporales; clasificación supervisada,permanencia estudiantil; cognición,13,True
INV-112,Laura Martínez Salazar,FAC-004,PRG-010,PhD en área afín a procesamiento de lenguaje; formación profesional relacionada con Licenciatura en Tecnología e Informática.,"Investigador con experiencia en procesamiento de lenguaje y permanencia estudiantil, orientada a resolver problemas aplicados mediante enfoques interdisciplinarios.",procesamiento de lenguaje; permanencia estudiantil,clasificación supervisada; recuperación de información,permanencia estudiantil; permanencia estudiantil,16,True
INV-113,Jorge Silva Hernández,FAC-004,PRG-010,MSc en área afín a currículo; formación profesional relacionada con Licenciatura en Tecnología e Informática.,"Investigador con experiencia en currículo y permanencia estudiantil, orientada a resolver problemas aplicados mediante enfoques interdisciplinarios.",currículo; permanencia estudiantil,simulación; clasificación supervisada,permanencia estudiantil; currículo,19,True
INV-114,Juliana Navarro Arias,FAC-004,PRG-010,PhD en área afín a currículo; formación profesional relacionada con Licenciatura en Tecnología e Informática.,"Investigador con experiencia en currículo y analítica del aprendizaje, orientada a resolver problemas aplicados mediante enfoques interdisciplinarios.",currículo; analítica del aprendizaje,análisis causal; clasificación supervisada,analítica del aprendizaje; procesamiento de lenguaje,4,True
INV-115,David Pérez Vargas,FAC-004,PRG-011,MSc en área afín a analítica del aprendizaje; formación profesional relacionada con Psicología.,"Investigador con experiencia en analítica del aprendizaje y tecnología educativa, orientada a resolver problemas aplicados mediante enfoques interdisciplinarios.",analítica del aprendizaje; tecnología educativa,análisis causal; modelamiento estadístico,tecnología educativa; analítica del aprendizaje,7,True
INV-116,María Restrepo Acosta,FAC-004,PRG-010,PhD en área afín a analítica del aprendizaje; formación profesional relacionada con Licenciatura en Tecnología e Informática.,"Investigador con experiencia en analítica del aprendizaje y permanencia estudiantil, orientada a resolver problemas aplicados mediante enfoques interdisciplinarios.",analítica del aprendizaje; permanencia estudiantil,recuperación de información; análisis causal,permanencia estudiantil; tecnología educativa,10,True
INV-117,Felipe Ospina Ortiz,FAC-004,PRG-010,PhD en área afín a analítica del aprendizaje; formación profesional relacionada con Licenciatura en Tecnología e Informática.,"Investigador con experiencia en analítica del aprendizaje y permanencia estudiantil, orientada a resolver problemas aplicados mediante enfoques interdisciplinarios.",analítica del aprendizaje; permanencia estudiantil,simulación; clasificación supervisada,permanencia estudiantil; cognición,13,True
INV-118,Diana Vargas Giraldo,FAC-004,PRG-012,MSc en área afín a currículo; formación profesional relacionada con Ciencias de la Educación.,"Investigador con experiencia en currículo y analítica del aprendizaje, orientada a resolver problemas aplicados mediante enfoques interdisciplinarios.",currículo; analítica del aprendizaje,diseño experimental; recuperación de información,analítica del aprendizaje; permanencia estudiantil,16,True
INV-119,Santiago Mejía Restrepo,FAC-004,PRG-012,PhD en área afín a tecnología educativa; formación profesional relacionada con Ciencias de la Educación.,"Investigador con experiencia en tecnología educativa y permanencia estudiantil, orientada a resolver problemas aplicados mediante enfoques interdisciplinarios.",tecnología educativa; permanencia estudiantil,clasificación supervisada; modelos probabilísticos,permanencia estudiantil; currículo,19,True
INV-120,Ana Gómez López,FAC-004,PRG-010,MSc en área afín a analítica del aprendizaje; formación profesional relacionada con Licenciatura en Tecnología e Informática.,"Investigador con experiencia en analítica del aprendizaje y permanencia estudiantil, orientada a resolver problemas aplicados mediante enfoques interdisciplinarios.",analítica del aprendizaje; permanencia estudiantil,series temporales; clasificación supervisada,permanencia estudiantil; procesamiento de lenguaje,4,True
INV-121,Daniel Moreno Valencia,FAC-004,PRG-012,PhD en área afín a currículo; formación profesional relacionada con Ciencias de la Educación.,"Investigador con experiencia en currículo y analítica del aprendizaje, orientada a resolver problemas aplicados mediante enfoques interdisciplinarios.",currículo; analítica del aprendizaje,modelamiento estadístico; procesamiento de señales,analítica del aprendizaje; analítica del aprendizaje,7,True
INV-122,Paula Cárdenas Torres,FAC-004,PRG-012,PhD en área afín a analítica del aprendizaje; formación profesional relacionada con Ciencias de la Educación.,"Investigador con experiencia en analítica del aprendizaje y tecnología educativa, orientada a resolver problemas aplicados mediante enfoques interdisciplinarios.",analítica del aprendizaje; tecnología educativa,clasificación supervisada; análisis causal,tecnología educativa; tecnología educativa,10,True
INV-123,Mateo López Navarro,FAC-004,PRG-010,MSc en área afín a tecnología educativa; formación profesional relacionada con Licenciatura en Tecnología e Informática.,"Investigador con experiencia en tecnología educativa y currículo, orientada a resolver problemas aplicados mediante enfoques interdisciplinarios.",tecnología educativa; currículo,optimización; series temporales,currículo; cognición,13,True
INV-124,Adriana Mendoza Moreno,FAC-004,PRG-010,PhD en área afín a permanencia estudiantil; formación profesional relacionada con Licenciatura en Tecnología e Informática.,"Investigador con experiencia en permanencia estudiantil y cognición, orientada a resolver problemas aplicados mediante enfoques interdisciplinarios.",permanencia estudiantil; cognición,series temporales; procesamiento de señales,cognición; permanencia estudiantil,16,True
INV-125,Andrés Acosta Montoya,FAC-004,PRG-010,MSc en área afín a permanencia estudiantil; formación profesional relacionada con Licenciatura en Tecnología e Informática.,"Investigador con experiencia en permanencia estudiantil y cognición, orientada a resolver problemas aplicados mediante enfoques interdisciplinarios.",permanencia estudiantil; cognición,clasificación supervisada; simulación,cognición; currículo,19,True
INV-126,Valentina Ramírez Cardona,FAC-004,PRG-010,PhD en área afín a cognición; formación profesional relacionada con Licenciatura en Tecnología e Informática.,"Investigador con experiencia en cognición y permanencia estudiantil, orientada a resolver problemas aplicados mediante enfoques interdisciplinarios.",cognición; permanencia estudiantil,recuperación de información; simulación,permanencia estudiantil; procesamiento de lenguaje,4,True
INV-127,Alejandro Salazar Martínez,FAC-004,PRG-012,PhD en área afín a procesamiento de lenguaje; formación profesional relacionada con Ciencias de la Educación.,"Investigador con experiencia en procesamiento de lenguaje y tecnología educativa, orientada a resolver problemas aplicados mediante enfoques interdisciplinarios.",procesamiento de lenguaje; tecnología educativa,simulación; series temporales,tecnología educativa; analítica del aprendizaje,7,True
INV-128,Mónica Montoya Mejía,FAC-005,PRG-015,MSc en área afín a calidad del agua; formación profesional relacionada con Ingeniería Civil.,"Investigador con experiencia en calidad del agua y monitoreo ambiental, orientada a resolver problemas aplicados mediante enfoques interdisciplinarios.",calidad del agua; monitoreo ambiental,recuperación de información; clasificación supervisada,monitoreo ambiental; monitoreo ambiental,10,True
INV-129,Juan Castro Ramírez,FAC-005,PRG-014,PhD en área afín a infraestructura inteligente; formación profesional relacionada con Gestión Ambiental.,"Investigador con experiencia en infraestructura inteligente y cambio climático, orientada a resolver problemas aplicados mediante enfoques interdisciplinarios.",infraestructura inteligente; cambio climático,diseño experimental; modelos probabilísticos,cambio climático; territorio,13,True
INV-130,Natalia Valencia Suárez,FAC-005,PRG-015,MSc en área afín a sostenibilidad; formación profesional relacionada con Ingeniería Civil.,"Investigador con experiencia en sostenibilidad y calidad del agua, orientada a resolver problemas aplicados mediante enfoques interdisciplinarios.",sostenibilidad; calidad del agua,clasificación supervisada; modelos probabilísticos,calidad del agua; sostenibilidad,16,True
INV-131,Miguel Rodríguez Rojas,FAC-005,PRG-015,PhD en área afín a sostenibilidad; formación profesional relacionada con Ingeniería Civil.,"Investigador con experiencia en sostenibilidad y calidad del agua, orientada a resolver problemas aplicados mediante enfoques interdisciplinarios.",sostenibilidad; calidad del agua,clasificación supervisada; simulación,calidad del agua; calidad del agua,19,True
INV-132,Elena Ortiz Ospina,FAC-005,PRG-015,PhD en área afín a sostenibilidad; formación profesional relacionada con Ingeniería Civil.,"Investigador con experiencia en sostenibilidad y cambio climático, orientada a resolver problemas aplicados mediante enfoques interdisciplinarios.",sostenibilidad; cambio climático,recuperación de información; clasificación supervisada,cambio climático; cambio climático,4,True
INV-133,Carlos Suárez Mendoza,FAC-005,PRG-015,MSc en área afín a infraestructura inteligente; formación profesional relacionada con Ingeniería Civil.,"Investigador con experiencia en infraestructura inteligente y calidad del agua, orientada a resolver problemas aplicados mediante enfoques interdisciplinarios.",infraestructura inteligente; calidad del agua,series temporales; simulación,calidad del agua; infraestructura inteligente,7,True
INV-134,Sofía Hernández Rodríguez,FAC-005,PRG-015,PhD en área afín a cambio climático; formación profesional relacionada con Ingeniería Civil.,"Investigador con experiencia en cambio climático y sostenibilidad, orientada a resolver problemas aplicados mediante enfoques interdisciplinarios.",cambio climático; sostenibilidad,modelos probabilísticos; procesamiento de señales,sostenibilidad; monitoreo ambiental,10,True
INV-135,Sebastián Cardona Quintero,FAC-005,PRG-015,MSc en área afín a cambio climático; formación profesional relacionada con Ingeniería Civil.,"Investigador con experiencia en cambio climático y calidad del agua, orientada a resolver problemas aplicados mediante enfoques interdisciplinarios.",cambio climático; calidad del agua,optimización; modelamiento estadístico,calidad del agua; territorio,13,True
INV-136,Lucía Cruz Pérez,FAC-005,PRG-015,PhD en área afín a monitoreo ambiental; formación profesional relacionada con Ingeniería Civil.,"Investigador con experiencia en monitoreo ambiental y cambio climático, orientada a resolver problemas aplicados mediante enfoques interdisciplinarios.",monitoreo ambiental; cambio climático,procesamiento de señales; modelamiento estadístico,cambio climático; sostenibilidad,16,True
INV-137,Tomás Torres Cárdenas,FAC-005,PRG-015,PhD en área afín a calidad del agua; formación profesional relacionada con Ingeniería Civil.,"Investigador con experiencia en calidad del agua y sostenibilidad, orientada a resolver problemas aplicados mediante enfoques interdisciplinarios.",calidad del agua; monitoreo ambiental; sostenibilidad,análisis multivariado; diseño experimental,ambiente; agua,19,True
INV-138,Camila Quintero Castro,FAC-005,PRG-014,MSc en área afín a cambio climático; formación profesional relacionada con Gestión Ambiental.,"Investigador con experiencia en cambio climático y territorio, orientada a resolver problemas aplicados mediante enfoques interdisciplinarios.",cambio climático; territorio,procesamiento de señales; optimización,territorio; cambio climático,4,True
INV-139,Ricardo Giraldo Cruz,FAC-005,PRG-014,PhD en área afín a cambio climático; formación profesional relacionada con Gestión Ambiental.,"Investigador con experiencia en cambio climático y sostenibilidad, orientada a resolver problemas aplicados mediante enfoques interdisciplinarios.",cambio climático; sostenibilidad,modelos probabilísticos; series temporales,sostenibilidad; infraestructura inteligente,7,True
INV-140,Carolina Rojas Silva,FAC-005,PRG-014,MSc en área afín a territorio; formación profesional relacionada con Gestión Ambiental.,"Investigador con experiencia en territorio y sostenibilidad, orientada a resolver problemas aplicados mediante enfoques interdisciplinarios.",territorio; sostenibilidad,simulación; recuperación de información,sostenibilidad; monitoreo ambiental,10,True
INV-141,Nicolás Arias Gómez,FAC-005,PRG-013,PhD en área afín a infraestructura inteligente; formación profesional relacionada con Ingeniería Ambiental.,"Investigador con experiencia en infraestructura inteligente y territorio, orientada a resolver problemas aplicados mediante enfoques interdisciplinarios.",infraestructura inteligente; territorio,series temporales; optimización,territorio; territorio,13,True
INV-142,Laura Martínez Salazar,FAC-005,PRG-015,PhD en área afín a calidad del agua; formación profesional relacionada con Ingeniería Civil.,"Investigador con experiencia en calidad del agua y monitoreo ambiental, orientada a resolver problemas aplicados mediante enfoques interdisciplinarios.",calidad del agua; monitoreo ambiental,recuperación de información; análisis causal,monitoreo ambiental; sostenibilidad,16,True
INV-143,Jorge Silva Hernández,FAC-005,PRG-014,MSc en área afín a territorio; formación profesional relacionada con Gestión Ambiental.,"Investigador con experiencia en territorio y calidad del agua, orientada a resolver problemas aplicados mediante enfoques interdisciplinarios.",territorio; calidad del agua,diseño experimental; optimización,calidad del agua; calidad del agua,19,True
INV-144,Juliana Navarro Arias,FAC-005,PRG-013,PhD en área afín a monitoreo ambiental; formación profesional relacionada con Ingeniería Ambiental.,"Investigador con experiencia en monitoreo ambiental y cambio climático, orientada a resolver problemas aplicados mediante enfoques interdisciplinarios.",monitoreo ambiental; cambio climático,modelos probabilísticos; clasificación supervisada,cambio climático; cambio climático,4,True
INV-145,David Pérez Vargas,FAC-005,PRG-014,MSc en área afín a sostenibilidad; formación profesional relacionada con Gestión Ambiental.,"Investigador con experiencia en sostenibilidad y cambio climático, orientada a resolver problemas aplicados mediante enfoques interdisciplinarios.",sostenibilidad; cambio climático,modelamiento estadístico; modelos probabilísticos,cambio climático; infraestructura inteligente,7,True
INV-146,María Restrepo Acosta,FAC-005,PRG-013,PhD en área afín a cambio climático; formación profesional relacionada con Ingeniería Ambiental.,"Investigador con experiencia en cambio climático y calidad del agua, orientada a resolver problemas aplicados mediante enfoques interdisciplinarios.",cambio climático; calidad del agua,modelos probabilísticos; diseño experimental,calidad del agua; monitoreo ambiental,10,True
INV-147,Felipe Ospina Ortiz,FAC-005,PRG-015,PhD en área afín a calidad del agua; formación profesional relacionada con Ingeniería Civil.,"Investigador con experiencia en calidad del agua y sostenibilidad, orientada a resolver problemas aplicados mediante enfoques interdisciplinarios.",calidad del agua; sostenibilidad,optimización; análisis causal,sostenibilidad; territorio,13,True
INV-148,Diana Vargas Giraldo,FAC-005,PRG-014,MSc en área afín a infraestructura inteligente; formación profesional relacionada con Gestión Ambiental.,"Investigador con experiencia en infraestructura inteligente y sostenibilidad, orientada a resolver problemas aplicados mediante enfoques interdisciplinarios.",infraestructura inteligente; sostenibilidad,series temporales; modelos probabilísticos,sostenibilidad; sostenibilidad,16,True
INV-149,Santiago Mejía Restrepo,FAC-005,PRG-015,PhD en área afín a calidad del agua; formación profesional relacionada con Ingeniería Civil.,"Investigador con experiencia en calidad del agua y sostenibilidad, orientada a resolver problemas aplicados mediante enfoques interdisciplinarios.",calidad del agua; sostenibilidad,modelos probabilísticos; diseño experimental,sostenibilidad; calidad del agua,19,True
INV-150,Ana Gómez López,FAC-005,PRG-013,MSc en área afín a sostenibilidad; formación profesional relacionada con Ingeniería Ambiental.,"Investigador con experiencia en sostenibilidad y monitoreo ambiental, orientada a resolver problemas aplicados mediante enfoques interdisciplinarios.",sostenibilidad; monitoreo ambiental,clasificación supervisada; modelos probabilísticos,monitoreo ambiental; cambio climático,4,True
INV-151,Daniel Moreno Valencia,FAC-005,PRG-015,PhD en área afín a territorio; formación profesional relacionada con Ingeniería Civil.,"Investigador con experiencia en territorio y infraestructura inteligente, orientada a resolver problemas aplicados mediante enfoques interdisciplinarios.",territorio; infraestructura inteligente,recuperación de información; series temporales,infraestructura inteligente; infraestructura inteligente,7,True
INV-152,Paula Cárdenas Torres,FAC-005,PRG-013,PhD en área afín a sostenibilidad; formación profesional relacionada con Ingeniería Ambiental.,"Investigador con experiencia en sostenibilidad y infraestructura inteligente, orientada a resolver problemas aplicados mediante enfoques interdisciplinarios.",sostenibilidad; infraestructura inteligente,recuperación de información; modelos probabilísticos,infraestructura inteligente; monitoreo ambiental,10,True
INV-153,Mateo López Navarro,FAC-005,PRG-013,MSc en área afín a infraestructura inteligente; formación profesional relacionada con Ingeniería Ambiental.,"Investigador con experiencia en infraestructura inteligente y sostenibilidad, orientada a resolver problemas aplicados mediante enfoques interdisciplinarios.",infraestructura inteligente; sostenibilidad,modelos probabilísticos; diseño experimental,sostenibilidad; territorio,13,True
INV-154,Adriana Mendoza Moreno,FAC-005,PRG-015,PhD en área afín a monitoreo ambiental; formación profesional relacionada con Ingeniería Civil.,"Investigador con experiencia en monitoreo ambiental y territorio, orientada a resolver problemas aplicados mediante enfoques interdisciplinarios.",monitoreo ambiental; territorio,diseño experimental; series temporales,territorio; sostenibilidad,16,True
INV-155,Andrés Acosta Montoya,FAC-006,PRG-016,MSc en área afín a series temporales; formación profesional relacionada con Matemáticas Aplicadas.,"Investigador con experiencia en series temporales y NLP, orientada a resolver problemas aplicados mediante enfoques interdisciplinarios.",series temporales; NLP,series temporales; simulación,NLP; NLP,19,True
INV-156,Valentina Ramírez Cardona,FAC-006,PRG-017,PhD en área afín a modelamiento matemático; formación profesional relacionada con Física.,"Investigador con experiencia en modelamiento matemático y series temporales, orientada a resolver problemas aplicados mediante enfoques interdisciplinarios.",modelamiento matemático; series temporales,recuperación de información; series temporales,series temporales; series temporales,4,True
INV-157,Alejandro Salazar Martínez,FAC-006,PRG-016,PhD en área afín a IA explicable; formación profesional relacionada con Matemáticas Aplicadas.,"Investigador con experiencia en IA explicable y series temporales, orientada a resolver problemas aplicados mediante enfoques interdisciplinarios.",IA explicable; series temporales,modelos probabilísticos; diseño experimental,series temporales; IA explicable,7,True
INV-158,Mónica Montoya Mejía,FAC-006,PRG-017,MSc en área afín a modelamiento matemático; formación profesional relacionada con Física.,"Investigador con experiencia en modelamiento matemático y NLP, orientada a resolver problemas aplicados mediante enfoques interdisciplinarios.",modelamiento matemático; NLP,modelamiento estadístico; recuperación de información,NLP; modelamiento matemático,10,True
INV-159,Juan Castro Ramírez,FAC-006,PRG-016,PhD en área afín a modelamiento matemático; formación profesional relacionada con Matemáticas Aplicadas.,"Investigador con experiencia en modelamiento matemático y IA explicable, orientada a resolver problemas aplicados mediante enfoques interdisciplinarios.",series temporales; detección de anomalías; aprendizaje estadístico,series temporales; modelos probabilísticos,ambiente; industria; energía,13,True
INV-160,Natalia Valencia Suárez,FAC-006,PRG-017,MSc en área afín a modelamiento matemático; formación profesional relacionada con Física.,"Investigador con experiencia en modelamiento matemático y instrumentación, orientada a resolver problemas aplicados mediante enfoques interdisciplinarios.",modelamiento matemático; instrumentación,análisis causal; simulación,instrumentación; instrumentación,16,True
INV-161,Miguel Rodríguez Rojas,FAC-006,PRG-018,PhD en área afín a instrumentación; formación profesional relacionada con Ciencia de Datos.,"Investigador con experiencia en instrumentación y modelamiento matemático, orientada a resolver problemas aplicados mediante enfoques interdisciplinarios.",instrumentación; modelamiento matemático,optimización; modelamiento estadístico,modelamiento matemático; NLP,19,True
INV-162,Elena Ortiz Ospina,FAC-006,PRG-017,PhD en área afín a instrumentación; formación profesional relacionada con Física.,"Investigador con experiencia en instrumentación y series temporales, orientada a resolver problemas aplicados mediante enfoques interdisciplinarios.",instrumentación; series temporales,modelos probabilísticos; simulación,series temporales; series temporales,4,True
INV-163,Carlos Suárez Mendoza,FAC-006,PRG-018,MSc en área afín a series temporales; formación profesional relacionada con Ciencia de Datos.,"Investigador con experiencia en series temporales y IA explicable, orientada a resolver problemas aplicados mediante enfoques interdisciplinarios.",series temporales; IA explicable,diseño experimental; modelamiento estadístico,IA explicable; IA explicable,7,True
INV-164,Sofía Hernández Rodríguez,FAC-006,PRG-016,PhD en área afín a series temporales; formación profesional relacionada con Matemáticas Aplicadas.,"Investigador con experiencia en series temporales y ciencia de datos, orientada a resolver problemas aplicados mediante enfoques interdisciplinarios.",series temporales; ciencia de datos,series temporales; modelos probabilísticos,ciencia de datos; modelamiento matemático,10,True
INV-165,Sebastián Cardona Quintero,FAC-006,PRG-016,MSc en área afín a modelamiento matemático; formación profesional relacionada con Matemáticas Aplicadas.,"Investigador con experiencia en modelamiento matemático y IA explicable, orientada a resolver problemas aplicados mediante enfoques interdisciplinarios.",modelamiento matemático; IA explicable,series temporales; diseño experimental,IA explicable; ciencia de datos,13,True
INV-166,Lucía Cruz Pérez,FAC-006,PRG-018,PhD en área afín a NLP; formación profesional relacionada con Ciencia de Datos.,"Investigador con experiencia en NLP y series temporales, orientada a resolver problemas aplicados mediante enfoques interdisciplinarios.",NLP; series temporales,análisis causal; simulación,series temporales; instrumentación,16,True
INV-167,Tomás Torres Cárdenas,FAC-006,PRG-016,PhD en área afín a modelamiento matemático; formación profesional relacionada con Matemáticas Aplicadas.,"Investigador con experiencia en modelamiento matemático y ciencia de datos, orientada a resolver problemas aplicados mediante enfoques interdisciplinarios.",modelamiento matemático; ciencia de datos,optimización; análisis causal,ciencia de datos; NLP,19,True
INV-168,Camila Quintero Castro,FAC-006,PRG-017,MSc en área afín a NLP; formación profesional relacionada con Física.,"Investigador con experiencia en NLP y ciencia de datos, orientada a resolver problemas aplicados mediante enfoques interdisciplinarios.",NLP; ciencia de datos,análisis causal; procesamiento de señales,ciencia de datos; series temporales,4,True
INV-169,Ricardo Giraldo Cruz,FAC-006,PRG-016,PhD en área afín a modelamiento matemático; formación profesional relacionada con Matemáticas Aplicadas.,"Investigador con experiencia en modelamiento matemático y IA explicable, orientada a resolver problemas aplicados mediante enfoques interdisciplinarios.",modelamiento matemático; IA explicable,clasificación supervisada; recuperación de información,IA explicable; IA explicable,7,True
INV-170,Carolina Rojas Silva,FAC-006,PRG-017,MSc en área afín a series temporales; formación profesional relacionada con Física.,"Investigador con experiencia en series temporales y NLP, orientada a resolver problemas aplicados mediante enfoques interdisciplinarios.",series temporales; NLP,procesamiento de señales; diseño experimental,NLP; modelamiento matemático,10,True
INV-171,Nicolás Arias Gómez,FAC-006,PRG-016,PhD en área afín a IA explicable; formación profesional relacionada con Matemáticas Aplicadas.,"Investigador con experiencia en IA explicable y NLP, orientada a resolver problemas aplicados mediante enfoques interdisciplinarios.",IA explicable; NLP,modelamiento estadístico; análisis causal,NLP; ciencia de datos,13,True
INV-172,Laura Martínez Salazar,FAC-006,PRG-018,PhD en área afín a series temporales; formación profesional relacionada con Ciencia de Datos.,"Investigador con experiencia en series temporales y ciencia de datos, orientada a resolver problemas aplicados mediante enfoques interdisciplinarios.",series temporales; ciencia de datos,simulación; optimización,ciencia de datos; instrumentación,16,True
INV-173,Jorge Silva Hernández,FAC-006,PRG-018,MSc en área afín a IA explicable; formación profesional relacionada con Ciencia de Datos.,"Investigador con experiencia en IA explicable y series temporales, orientada a resolver problemas aplicados mediante enfoques interdisciplinarios.",IA explicable; series temporales,optimización; recuperación de información,series temporales; NLP,19,True
INV-174,Juliana Navarro Arias,FAC-006,PRG-017,PhD en área afín a series temporales; formación profesional relacionada con Física.,"Investigador con experiencia en series temporales y ciencia de datos, orientada a resolver problemas aplicados mediante enfoques interdisciplinarios.",series temporales; ciencia de datos,simulación; series temporales,ciencia de datos; series temporales,4,True
INV-175,David Pérez Vargas,FAC-006,PRG-016,MSc en área afín a ciencia de datos; formación profesional relacionada con Matemáticas Aplicadas.,"Investigador con experiencia en ciencia de datos y series temporales, orientada a resolver problemas aplicados mediante enfoques interdisciplinarios.",ciencia de datos; series temporales,series temporales; clasificación supervisada,series temporales; IA explicable,7,True
INV-176,María Restrepo Acosta,FAC-006,PRG-018,PhD en área afín a series temporales; formación profesional relacionada con Ciencia de Datos.,"Investigador con experiencia en series temporales y IA explicable, orientada a resolver problemas aplicados mediante enfoques interdisciplinarios.",series temporales; IA explicable,modelamiento estadístico; modelos probabilísticos,IA explicable; modelamiento matemático,10,True
INV-177,Felipe Ospina Ortiz,FAC-006,PRG-016,PhD en área afín a IA explicable; formación profesional relacionada con Matemáticas Aplicadas.,"Investigador con experiencia en IA explicable y instrumentación, orientada a resolver problemas aplicados mediante enfoques interdisciplinarios.",IA explicable; instrumentación,procesamiento de señales; análisis causal,instrumentación; ciencia de datos,13,True
INV-178,Diana Vargas Giraldo,FAC-006,PRG-018,MSc en área afín a instrumentación; formación profesional relacionada con Ciencia de Datos.,"Investigador con experiencia en instrumentación y NLP, orientada a resolver problemas aplicados mediante enfoques interdisciplinarios.",instrumentación; NLP,optimización; series temporales,NLP; instrumentación,16,True
INV-179,Santiago Mejía Restrepo,FAC-006,PRG-017,PhD en área afín a instrumentación; formación profesional relacionada con Física.,"Investigador con experiencia en instrumentación y series temporales, orientada a resolver problemas aplicados mediante enfoques interdisciplinarios.",instrumentación; series temporales,modelamiento estadístico; simulación,series temporales; NLP,19,True
INV-180,Ana Gómez López,FAC-006,PRG-017,MSc en área afín a IA explicable; formación profesional relacionada con Física.,"Investigador con experiencia en IA explicable y instrumentación, orientada a resolver problemas aplicados mediante enfoques interdisciplinarios.",IA explicable; instrumentación,recuperación de información; optimización,instrumentación; series temporales,4,True
