researcher_id,expertise_id,expertise_name,expertise_type,proficiency_level,years_experience,evidence_source
INV-001,EXP-0001,optimización,DOMAIN,5,3,PROFILE_AND_OUTPUTS
INV-001,EXP-0002,procesamiento de señales,DOMAIN,4,3,PROFILE_AND_OUTPUTS
INV-001,EXP-0003,clasificación supervisada,METHOD,4,3,PROFILE_AND_OUTPUTS
INV-001,EXP-0004,modelos probabilísticos,METHOD,4,3,PROFILE_AND_OUTPUTS
INV-002,EXP-0005,IoT,DOMAIN,5,5,PROFILE_AND_OUTPUTS
INV-002,EXP-0006,arquitecturas digitales,DOMAIN,5,5,PROFILE_AND_OUTPUTS
INV-002,EXP-0007,diseño experimental,METHOD,4,5,PROFILE_AND_OUTPUTS
INV-002,EXP-0008,optimización,METHOD,4,5,PROFILE_AND_OUTPUTS
INV-003,EXP-0009,aprendizaje automático,DOMAIN,5,6,PROFILE_AND_OUTPUTS
INV-003,EXP-0010,ciberseguridad,DOMAIN,3,6,PROFILE_AND_OUTPUTS
INV-003,EXP-0011,modelos probabilísticos,METHOD,4,6,PROFILE_AND_OUTPUTS
INV-003,EXP-0012,series temporales,METHOD,4,6,PROFILE_AND_OUTPUTS
INV-004,EXP-0013,optimización,DOMAIN,5,8,PROFILE_AND_OUTPUTS
INV-004,EXP-0014,aprendizaje automático,DOMAIN,4,8,PROFILE_AND_OUTPUTS
INV-004,EXP-0015,optimización,METHOD,4,8,PROFILE_AND_OUTPUTS
INV-004,EXP-0016,modelos probabilísticos,METHOD,4,8,PROFILE_AND_OUTPUTS
INV-005,EXP-0017,arquitecturas digitales,DOMAIN,5,9,PROFILE_AND_OUTPUTS
INV-005,EXP-0018,aprendizaje automático,DOMAIN,5,9,PROFILE_AND_OUTPUTS
INV-005,EXP-0019,simulación,METHOD,4,9,PROFILE_AND_OUTPUTS
INV-005,EXP-0020,recuperación de información,METHOD,4,9,PROFILE_AND_OUTPUTS
INV-006,EXP-0021,arquitecturas digitales,DOMAIN,5,2,PROFILE_AND_OUTPUTS
INV-006,EXP-0022,aprendizaje automático,DOMAIN,3,2,PROFILE_AND_OUTPUTS
INV-006,EXP-0023,diseño experimental,METHOD,4,2,PROFILE_AND_OUTPUTS
INV-006,EXP-0024,modelamiento estadístico,METHOD,4,2,PROFILE_AND_OUTPUTS
INV-007,EXP-0025,procesamiento de señales,DOMAIN,5,3,PROFILE_AND_OUTPUTS
INV-007,EXP-0026,aprendizaje automático,DOMAIN,4,3,PROFILE_AND_OUTPUTS
INV-007,EXP-0027,simulación,METHOD,4,3,PROFILE_AND_OUTPUTS
INV-007,EXP-0028,procesamiento de señales,METHOD,4,3,PROFILE_AND_OUTPUTS
INV-008,EXP-0029,aprendizaje automático,DOMAIN,5,5,PROFILE_AND_OUTPUTS
INV-008,EXP-0030,arquitecturas digitales,DOMAIN,5,5,PROFILE_AND_OUTPUTS
INV-008,EXP-0031,simulación,METHOD,4,5,PROFILE_AND_OUTPUTS
INV-008,EXP-0032,diseño experimental,METHOD,4,5,PROFILE_AND_OUTPUTS
INV-009,EXP-0033,procesamiento de señales,DOMAIN,5,6,PROFILE_AND_OUTPUTS
INV-009,EXP-0034,aprendizaje automático,DOMAIN,3,6,PROFILE_AND_OUTPUTS
INV-009,EXP-0035,diseño experimental,METHOD,4,6,PROFILE_AND_OUTPUTS
INV-009,EXP-0036,procesamiento de señales,METHOD,4,6,PROFILE_AND_OUTPUTS
INV-010,EXP-0037,optimización,DOMAIN,5,8,PROFILE_AND_OUTPUTS
INV-010,EXP-0038,arquitecturas digitales,DOMAIN,4,8,PROFILE_AND_OUTPUTS
INV-010,EXP-0039,procesamiento de señales,METHOD,4,8,PROFILE_AND_OUTPUTS
INV-010,EXP-0040,análisis causal,METHOD,4,8,PROFILE_AND_OUTPUTS
INV-011,EXP-0041,ciberseguridad,DOMAIN,5,9,PROFILE_AND_OUTPUTS
INV-011,EXP-0042,procesamiento de señales,DOMAIN,5,9,PROFILE_AND_OUTPUTS
INV-011,EXP-0043,análisis causal,METHOD,4,9,PROFILE_AND_OUTPUTS
INV-011,EXP-0044,series temporales,METHOD,4,9,PROFILE_AND_OUTPUTS
INV-012,EXP-0045,arquitecturas digitales,DOMAIN,5,2,PROFILE_AND_OUTPUTS
INV-012,EXP-0046,ciberseguridad,DOMAIN,3,2,PROFILE_AND_OUTPUTS
INV-012,EXP-0047,series temporales,METHOD,4,2,PROFILE_AND_OUTPUTS
INV-012,EXP-0048,optimización,METHOD,4,2,PROFILE_AND_OUTPUTS
INV-013,EXP-0049,ciberseguridad,DOMAIN,5,3,PROFILE_AND_OUTPUTS
INV-013,EXP-0050,IoT,DOMAIN,4,3,PROFILE_AND_OUTPUTS
INV-013,EXP-0051,modelamiento estadístico,METHOD,4,3,PROFILE_AND_OUTPUTS
INV-013,EXP-0052,simulación,METHOD,4,3,PROFILE_AND_OUTPUTS
INV-014,EXP-0053,procesamiento de señales,DOMAIN,5,5,PROFILE_AND_OUTPUTS
INV-014,EXP-0054,ciberseguridad,DOMAIN,5,5,PROFILE_AND_OUTPUTS
INV-014,EXP-0055,simulación,METHOD,4,5,PROFILE_AND_OUTPUTS
INV-014,EXP-0056,modelos probabilísticos,METHOD,4,5,PROFILE_AND_OUTPUTS
INV-015,EXP-0057,arquitecturas digitales,DOMAIN,5,6,PROFILE_AND_OUTPUTS
INV-015,EXP-0058,IoT,DOMAIN,3,6,PROFILE_AND_OUTPUTS
INV-015,EXP-0059,recuperación de información,METHOD,4,6,PROFILE_AND_OUTPUTS
INV-015,EXP-0060,optimización,METHOD,4,6,PROFILE_AND_OUTPUTS
INV-016,EXP-0061,procesamiento de señales,DOMAIN,5,8,PROFILE_AND_OUTPUTS
INV-016,EXP-0062,ciberseguridad,DOMAIN,4,8,PROFILE_AND_OUTPUTS
INV-016,EXP-0063,diseño experimental,METHOD,4,8,PROFILE_AND_OUTPUTS
INV-016,EXP-0064,clasificación supervisada,METHOD,4,8,PROFILE_AND_OUTPUTS
INV-017,EXP-0065,optimización,DOMAIN,5,9,PROFILE_AND_OUTPUTS
INV-017,EXP-0066,ciberseguridad,DOMAIN,5,9,PROFILE_AND_OUTPUTS
INV-017,EXP-0067,procesamiento de señales,METHOD,4,9,PROFILE_AND_OUTPUTS
INV-017,EXP-0068,clasificación supervisada,METHOD,4,9,PROFILE_AND_OUTPUTS
INV-018,EXP-0069,modelos predictivos,DOMAIN,5,2,PROFILE_AND_OUTPUTS
INV-018,EXP-0070,educación,DOMAIN,3,2,PROFILE_AND_OUTPUTS
INV-018,EXP-0071,clasificación supervisada,METHOD,4,2,PROFILE_AND_OUTPUTS
INV-018,EXP-0072,calibración de modelos,METHOD,4,2,PROFILE_AND_OUTPUTS
INV-019,EXP-0073,arquitecturas digitales,DOMAIN,5,3,PROFILE_AND_OUTPUTS
INV-019,EXP-0074,optimización,DOMAIN,4,3,PROFILE_AND_OUTPUTS
INV-019,EXP-0075,procesamiento de señales,METHOD,4,3,PROFILE_AND_OUTPUTS
INV-019,EXP-0076,clasificación supervisada,METHOD,4,3,PROFILE_AND_OUTPUTS
INV-020,EXP-0077,ciberseguridad,DOMAIN,5,5,PROFILE_AND_OUTPUTS
INV-020,EXP-0078,IoT,DOMAIN,5,5,PROFILE_AND_OUTPUTS
INV-020,EXP-0079,simulación,METHOD,4,5,PROFILE_AND_OUTPUTS
INV-020,EXP-0080,modelos probabilísticos,METHOD,4,5,PROFILE_AND_OUTPUTS
INV-021,EXP-0081,aprendizaje automático,DOMAIN,5,6,PROFILE_AND_OUTPUTS
INV-021,EXP-0082,optimización,DOMAIN,3,6,PROFILE_AND_OUTPUTS
INV-021,EXP-0083,series temporales,METHOD,4,6,PROFILE_AND_OUTPUTS
INV-021,EXP-0084,clasificación supervisada,METHOD,4,6,PROFILE_AND_OUTPUTS
INV-022,EXP-0085,arquitecturas digitales,DOMAIN,5,8,PROFILE_AND_OUTPUTS
INV-022,EXP-0086,IoT,DOMAIN,4,8,PROFILE_AND_OUTPUTS
INV-022,EXP-0087,clasificación supervisada,METHOD,4,8,PROFILE_AND_OUTPUTS
INV-022,EXP-0088,modelamiento estadístico,METHOD,4,8,PROFILE_AND_OUTPUTS
INV-023,EXP-0089,optimización,DOMAIN,5,9,PROFILE_AND_OUTPUTS
INV-023,EXP-0090,ciberseguridad,DOMAIN,5,9,PROFILE_AND_OUTPUTS
INV-023,EXP-0091,diseño experimental,METHOD,4,9,PROFILE_AND_OUTPUTS
INV-023,EXP-0092,procesamiento de señales,METHOD,4,9,PROFILE_AND_OUTPUTS
INV-024,EXP-0093,procesamiento de señales,DOMAIN,5,2,PROFILE_AND_OUTPUTS
INV-024,EXP-0094,ciberseguridad,DOMAIN,3,2,PROFILE_AND_OUTPUTS
INV-024,EXP-0095,diseño experimental,METHOD,4,2,PROFILE_AND_OUTPUTS
INV-024,EXP-0096,clasificación supervisada,METHOD,4,2,PROFILE_AND_OUTPUTS
INV-025,EXP-0097,procesamiento de señales,DOMAIN,5,3,PROFILE_AND_OUTPUTS
INV-025,EXP-0098,aprendizaje automático,DOMAIN,4,3,PROFILE_AND_OUTPUTS
INV-025,EXP-0099,simulación,METHOD,4,3,PROFILE_AND_OUTPUTS
INV-025,EXP-0100,diseño experimental,METHOD,4,3,PROFILE_AND_OUTPUTS
INV-026,EXP-0101,aprendizaje automático,DOMAIN,5,5,PROFILE_AND_OUTPUTS
INV-026,EXP-0102,IoT,DOMAIN,5,5,PROFILE_AND_OUTPUTS
INV-026,EXP-0103,modelos probabilísticos,METHOD,4,5,PROFILE_AND_OUTPUTS
INV-026,EXP-0104,análisis causal,METHOD,4,5,PROFILE_AND_OUTPUTS
INV-027,EXP-0105,ciberseguridad,DOMAIN,5,6,PROFILE_AND_OUTPUTS
INV-027,EXP-0106,optimización,DOMAIN,3,6,PROFILE_AND_OUTPUTS
INV-027,EXP-0107,análisis causal,METHOD,4,6,PROFILE_AND_OUTPUTS
INV-027,EXP-0108,clasificación supervisada,METHOD,4,6,PROFILE_AND_OUTPUTS
INV-028,EXP-0109,aprendizaje automático,DOMAIN,5,8,PROFILE_AND_OUTPUTS
INV-028,EXP-0110,arquitecturas digitales,DOMAIN,4,8,PROFILE_AND_OUTPUTS
INV-028,EXP-0111,modelamiento estadístico,METHOD,4,8,PROFILE_AND_OUTPUTS
INV-028,EXP-0112,optimización,METHOD,4,8,PROFILE_AND_OUTPUTS
INV-029,EXP-0113,optimización,DOMAIN,5,9,PROFILE_AND_OUTPUTS
INV-029,EXP-0114,aprendizaje automático,DOMAIN,5,9,PROFILE_AND_OUTPUTS
INV-029,EXP-0115,diseño experimental,METHOD,4,9,PROFILE_AND_OUTPUTS
INV-029,EXP-0116,series temporales,METHOD,4,9,PROFILE_AND_OUTPUTS
INV-030,EXP-0117,IoT,DOMAIN,5,2,PROFILE_AND_OUTPUTS
INV-030,EXP-0118,procesamiento de señales,DOMAIN,3,2,PROFILE_AND_OUTPUTS
INV-030,EXP-0119,optimización,METHOD,4,2,PROFILE_AND_OUTPUTS
INV-030,EXP-0120,modelamiento estadístico,METHOD,4,2,PROFILE_AND_OUTPUTS
INV-031,EXP-0121,aprendizaje automático,DOMAIN,5,3,PROFILE_AND_OUTPUTS
INV-031,EXP-0122,ciberseguridad,DOMAIN,4,3,PROFILE_AND_OUTPUTS
INV-031,EXP-0123,análisis causal,METHOD,4,3,PROFILE_AND_OUTPUTS
INV-031,EXP-0124,clasificación supervisada,METHOD,4,3,PROFILE_AND_OUTPUTS
INV-032,EXP-0125,arquitecturas digitales,DOMAIN,5,5,PROFILE_AND_OUTPUTS
INV-032,EXP-0126,optimización,DOMAIN,5,5,PROFILE_AND_OUTPUTS
INV-032,EXP-0127,series temporales,METHOD,4,5,PROFILE_AND_OUTPUTS
INV-032,EXP-0128,optimización,METHOD,4,5,PROFILE_AND_OUTPUTS
INV-033,EXP-0129,procesamiento de señales,DOMAIN,5,6,PROFILE_AND_OUTPUTS
INV-033,EXP-0130,aprendizaje automático,DOMAIN,3,6,PROFILE_AND_OUTPUTS
INV-033,EXP-0131,recuperación de información,METHOD,4,6,PROFILE_AND_OUTPUTS
INV-033,EXP-0132,procesamiento de señales,METHOD,4,6,PROFILE_AND_OUTPUTS
INV-034,EXP-0133,ciberseguridad,DOMAIN,5,8,PROFILE_AND_OUTPUTS
INV-034,EXP-0134,arquitecturas digitales,DOMAIN,4,8,PROFILE_AND_OUTPUTS
INV-034,EXP-0135,modelamiento estadístico,METHOD,4,8,PROFILE_AND_OUTPUTS
INV-034,EXP-0136,optimización,METHOD,4,8,PROFILE_AND_OUTPUTS
INV-035,EXP-0137,ciberseguridad,DOMAIN,5,9,PROFILE_AND_OUTPUTS
INV-035,EXP-0138,optimización,DOMAIN,5,9,PROFILE_AND_OUTPUTS
INV-035,EXP-0139,optimización,METHOD,4,9,PROFILE_AND_OUTPUTS
INV-035,EXP-0140,diseño experimental,METHOD,4,9,PROFILE_AND_OUTPUTS
INV-036,EXP-0141,optimización,DOMAIN,5,2,PROFILE_AND_OUTPUTS
INV-036,EXP-0142,aprendizaje automático,DOMAIN,3,2,PROFILE_AND_OUTPUTS
INV-036,EXP-0143,clasificación supervisada,METHOD,4,2,PROFILE_AND_OUTPUTS
INV-036,EXP-0144,simulación,METHOD,4,2,PROFILE_AND_OUTPUTS
INV-037,EXP-0145,IoT,DOMAIN,5,3,PROFILE_AND_OUTPUTS
INV-037,EXP-0146,aprendizaje automático,DOMAIN,4,3,PROFILE_AND_OUTPUTS
INV-037,EXP-0147,clasificación supervisada,METHOD,4,3,PROFILE_AND_OUTPUTS
INV-037,EXP-0148,series temporales,METHOD,4,3,PROFILE_AND_OUTPUTS
INV-038,EXP-0149,procesamiento de señales,DOMAIN,5,5,PROFILE_AND_OUTPUTS
INV-038,EXP-0150,ciberseguridad,DOMAIN,5,5,PROFILE_AND_OUTPUTS
INV-038,EXP-0151,modelos probabilísticos,METHOD,4,5,PROFILE_AND_OUTPUTS
INV-038,EXP-0152,análisis causal,METHOD,4,5,PROFILE_AND_OUTPUTS
INV-039,EXP-0153,optimización,DOMAIN,5,6,PROFILE_AND_OUTPUTS
INV-039,EXP-0154,ciberseguridad,DOMAIN,3,6,PROFILE_AND_OUTPUTS
INV-039,EXP-0155,optimización,METHOD,4,6,PROFILE_AND_OUTPUTS
INV-039,EXP-0156,análisis causal,METHOD,4,6,PROFILE_AND_OUTPUTS
INV-040,EXP-0157,IoT,DOMAIN,5,8,PROFILE_AND_OUTPUTS
INV-040,EXP-0158,procesamiento de señales,DOMAIN,4,8,PROFILE_AND_OUTPUTS
INV-040,EXP-0159,optimización,METHOD,4,8,PROFILE_AND_OUTPUTS
INV-040,EXP-0160,series temporales,METHOD,4,8,PROFILE_AND_OUTPUTS
INV-041,EXP-0161,arquitecturas digitales,DOMAIN,5,9,PROFILE_AND_OUTPUTS
INV-041,EXP-0162,aprendizaje automático,DOMAIN,5,9,PROFILE_AND_OUTPUTS
INV-041,EXP-0163,recuperación de información,METHOD,4,9,PROFILE_AND_OUTPUTS
INV-041,EXP-0164,series temporales,METHOD,4,9,PROFILE_AND_OUTPUTS
INV-042,EXP-0165,sensores inalámbricos,DOMAIN,5,2,PROFILE_AND_OUTPUTS
INV-042,EXP-0166,salud,DOMAIN,3,2,PROFILE_AND_OUTPUTS
INV-042,EXP-0167,procesamiento de señales,METHOD,4,2,PROFILE_AND_OUTPUTS
INV-042,EXP-0168,diseño IoT,METHOD,4,2,PROFILE_AND_OUTPUTS
INV-043,EXP-0169,riesgos laborales,DOMAIN,5,3,PROFILE_AND_OUTPUTS
INV-043,EXP-0170,salud digital,DOMAIN,4,3,PROFILE_AND_OUTPUTS
INV-043,EXP-0171,series temporales,METHOD,4,3,PROFILE_AND_OUTPUTS
INV-043,EXP-0172,modelos probabilísticos,METHOD,4,3,PROFILE_AND_OUTPUTS
INV-044,EXP-0173,seguridad del paciente,DOMAIN,5,5,PROFILE_AND_OUTPUTS
INV-044,EXP-0174,epidemiología,DOMAIN,5,5,PROFILE_AND_OUTPUTS
INV-044,EXP-0175,modelos probabilísticos,METHOD,4,5,PROFILE_AND_OUTPUTS
INV-044,EXP-0176,optimización,METHOD,4,5,PROFILE_AND_OUTPUTS
INV-045,EXP-0177,epidemiología,DOMAIN,5,6,PROFILE_AND_OUTPUTS
INV-045,EXP-0178,monitoreo remoto,DOMAIN,3,6,PROFILE_AND_OUTPUTS
INV-045,EXP-0179,recuperación de información,METHOD,4,6,PROFILE_AND_OUTPUTS
INV-045,EXP-0180,clasificación supervisada,METHOD,4,6,PROFILE_AND_OUTPUTS
INV-046,EXP-0181,seguridad del paciente,DOMAIN,5,8,PROFILE_AND_OUTPUTS
INV-046,EXP-0182,salud digital,DOMAIN,4,8,PROFILE_AND_OUTPUTS
INV-046,EXP-0183,modelamiento estadístico,METHOD,4,8,PROFILE_AND_OUTPUTS
INV-046,EXP-0184,modelos probabilísticos,METHOD,4,8,PROFILE_AND_OUTPUTS
INV-047,EXP-0185,seguridad del paciente,DOMAIN,5,9,PROFILE_AND_OUTPUTS
INV-047,EXP-0186,epidemiología,DOMAIN,5,9,PROFILE_AND_OUTPUTS
INV-047,EXP-0187,clasificación supervisada,METHOD,4,9,PROFILE_AND_OUTPUTS
INV-047,EXP-0188,modelos probabilísticos,METHOD,4,9,PROFILE_AND_OUTPUTS
INV-048,EXP-0189,monitoreo remoto,DOMAIN,5,2,PROFILE_AND_OUTPUTS
INV-048,EXP-0190,salud digital,DOMAIN,3,2,PROFILE_AND_OUTPUTS
INV-048,EXP-0191,modelos probabilísticos,METHOD,4,2,PROFILE_AND_OUTPUTS
INV-048,EXP-0192,series temporales,METHOD,4,2,PROFILE_AND_OUTPUTS
INV-049,EXP-0193,epidemiología,DOMAIN,5,3,PROFILE_AND_OUTPUTS
INV-049,EXP-0194,riesgos laborales,DOMAIN,4,3,PROFILE_AND_OUTPUTS
INV-049,EXP-0195,series temporales,METHOD,4,3,PROFILE_AND_OUTPUTS
INV-049,EXP-0196,simulación,METHOD,4,3,PROFILE_AND_OUTPUTS
INV-050,EXP-0197,señales biomédicas,DOMAIN,5,5,PROFILE_AND_OUTPUTS
INV-050,EXP-0198,salud digital,DOMAIN,5,5,PROFILE_AND_OUTPUTS
INV-050,EXP-0199,series temporales,METHOD,4,5,PROFILE_AND_OUTPUTS
INV-050,EXP-0200,procesamiento de señales,METHOD,4,5,PROFILE_AND_OUTPUTS
INV-051,EXP-0201,epidemiología,DOMAIN,5,6,PROFILE_AND_OUTPUTS
INV-051,EXP-0202,riesgos laborales,DOMAIN,3,6,PROFILE_AND_OUTPUTS
INV-051,EXP-0203,modelamiento estadístico,METHOD,4,6,PROFILE_AND_OUTPUTS
INV-051,EXP-0204,recuperación de información,METHOD,4,6,PROFILE_AND_OUTPUTS
INV-052,EXP-0205,salud digital,DOMAIN,5,8,PROFILE_AND_OUTPUTS
INV-052,EXP-0206,epidemiología,DOMAIN,4,8,PROFILE_AND_OUTPUTS
INV-052,EXP-0207,modelos probabilísticos,METHOD,4,8,PROFILE_AND_OUTPUTS
INV-052,EXP-0208,optimización,METHOD,4,8,PROFILE_AND_OUTPUTS
INV-053,EXP-0209,riesgos laborales,DOMAIN,5,9,PROFILE_AND_OUTPUTS
INV-053,EXP-0210,epidemiología,DOMAIN,5,9,PROFILE_AND_OUTPUTS
INV-053,EXP-0211,clasificación supervisada,METHOD,4,9,PROFILE_AND_OUTPUTS
INV-053,EXP-0212,modelos probabilísticos,METHOD,4,9,PROFILE_AND_OUTPUTS
INV-054,EXP-0213,monitoreo remoto,DOMAIN,5,2,PROFILE_AND_OUTPUTS
INV-054,EXP-0214,riesgos laborales,DOMAIN,3,2,PROFILE_AND_OUTPUTS
INV-054,EXP-0215,análisis causal,METHOD,4,2,PROFILE_AND_OUTPUTS
INV-054,EXP-0216,clasificación supervisada,METHOD,4,2,PROFILE_AND_OUTPUTS
INV-055,EXP-0217,riesgos laborales,DOMAIN,5,3,PROFILE_AND_OUTPUTS
INV-055,EXP-0218,salud digital,DOMAIN,4,3,PROFILE_AND_OUTPUTS
INV-055,EXP-0219,modelos probabilísticos,METHOD,4,3,PROFILE_AND_OUTPUTS
INV-055,EXP-0220,modelamiento estadístico,METHOD,4,3,PROFILE_AND_OUTPUTS
INV-056,EXP-0221,seguridad del paciente,DOMAIN,5,5,PROFILE_AND_OUTPUTS
INV-056,EXP-0222,salud digital,DOMAIN,5,5,PROFILE_AND_OUTPUTS
INV-056,EXP-0223,simulación,METHOD,4,5,PROFILE_AND_OUTPUTS
INV-056,EXP-0224,diseño experimental,METHOD,4,5,PROFILE_AND_OUTPUTS
INV-057,EXP-0225,seguridad del paciente,DOMAIN,5,6,PROFILE_AND_OUTPUTS
INV-057,EXP-0226,monitoreo remoto,DOMAIN,3,6,PROFILE_AND_OUTPUTS
INV-057,EXP-0227,series temporales,METHOD,4,6,PROFILE_AND_OUTPUTS
INV-057,EXP-0228,procesamiento de señales,METHOD,4,6,PROFILE_AND_OUTPUTS
INV-058,EXP-0229,riesgos laborales,DOMAIN,5,8,PROFILE_AND_OUTPUTS
INV-058,EXP-0230,monitoreo remoto,DOMAIN,4,8,PROFILE_AND_OUTPUTS
INV-058,EXP-0231,series temporales,METHOD,4,8,PROFILE_AND_OUTPUTS
INV-058,EXP-0232,simulación,METHOD,4,8,PROFILE_AND_OUTPUTS
INV-059,EXP-0233,señales biomédicas,DOMAIN,5,9,PROFILE_AND_OUTPUTS
INV-059,EXP-0234,seguridad del paciente,DOMAIN,5,9,PROFILE_AND_OUTPUTS
INV-059,EXP-0235,modelos probabilísticos,METHOD,4,9,PROFILE_AND_OUTPUTS
INV-059,EXP-0236,análisis causal,METHOD,4,9,PROFILE_AND_OUTPUTS
INV-060,EXP-0237,epidemiología,DOMAIN,5,2,PROFILE_AND_OUTPUTS
INV-060,EXP-0238,señales biomédicas,DOMAIN,3,2,PROFILE_AND_OUTPUTS
INV-060,EXP-0239,análisis causal,METHOD,4,2,PROFILE_AND_OUTPUTS
INV-060,EXP-0240,diseño experimental,METHOD,4,2,PROFILE_AND_OUTPUTS
INV-061,EXP-0241,riesgos laborales,DOMAIN,5,3,PROFILE_AND_OUTPUTS
INV-061,EXP-0242,seguridad del paciente,DOMAIN,4,3,PROFILE_AND_OUTPUTS
INV-061,EXP-0243,optimización,METHOD,4,3,PROFILE_AND_OUTPUTS
INV-061,EXP-0244,simulación,METHOD,4,3,PROFILE_AND_OUTPUTS
INV-062,EXP-0245,señales biomédicas,DOMAIN,5,5,PROFILE_AND_OUTPUTS
INV-062,EXP-0246,seguridad del paciente,DOMAIN,5,5,PROFILE_AND_OUTPUTS
INV-062,EXP-0247,simulación,METHOD,4,5,PROFILE_AND_OUTPUTS
INV-062,EXP-0248,recuperación de información,METHOD,4,5,PROFILE_AND_OUTPUTS
INV-063,EXP-0249,señales biomédicas,DOMAIN,5,6,PROFILE_AND_OUTPUTS
INV-063,EXP-0250,seguridad del paciente,DOMAIN,3,6,PROFILE_AND_OUTPUTS
INV-063,EXP-0251,simulación,METHOD,4,6,PROFILE_AND_OUTPUTS
INV-063,EXP-0252,clasificación supervisada,METHOD,4,6,PROFILE_AND_OUTPUTS
INV-064,EXP-0253,motivación académica,DOMAIN,5,8,PROFILE_AND_OUTPUTS
INV-064,EXP-0254,educación,DOMAIN,4,8,PROFILE_AND_OUTPUTS
INV-064,EXP-0255,modelos psicométricos,METHOD,4,8,PROFILE_AND_OUTPUTS
INV-064,EXP-0256,análisis longitudinal,METHOD,4,8,PROFILE_AND_OUTPUTS
INV-065,EXP-0257,epidemiología,DOMAIN,5,9,PROFILE_AND_OUTPUTS
INV-065,EXP-0258,seguridad del paciente,DOMAIN,5,9,PROFILE_AND_OUTPUTS
INV-065,EXP-0259,optimización,METHOD,4,9,PROFILE_AND_OUTPUTS
INV-065,EXP-0260,series temporales,METHOD,4,9,PROFILE_AND_OUTPUTS
INV-066,EXP-0261,señales biomédicas,DOMAIN,5,2,PROFILE_AND_OUTPUTS
INV-066,EXP-0262,monitoreo remoto,DOMAIN,3,2,PROFILE_AND_OUTPUTS
INV-066,EXP-0263,simulación,METHOD,4,2,PROFILE_AND_OUTPUTS
INV-066,EXP-0264,modelamiento estadístico,METHOD,4,2,PROFILE_AND_OUTPUTS
INV-067,EXP-0265,seguridad del paciente,DOMAIN,5,3,PROFILE_AND_OUTPUTS
INV-067,EXP-0266,monitoreo remoto,DOMAIN,4,3,PROFILE_AND_OUTPUTS
INV-067,EXP-0267,modelamiento estadístico,METHOD,4,3,PROFILE_AND_OUTPUTS
INV-067,EXP-0268,análisis causal,METHOD,4,3,PROFILE_AND_OUTPUTS
INV-068,EXP-0269,riesgos laborales,DOMAIN,5,5,PROFILE_AND_OUTPUTS
INV-068,EXP-0270,seguridad del paciente,DOMAIN,5,5,PROFILE_AND_OUTPUTS
INV-068,EXP-0271,modelamiento estadístico,METHOD,4,5,PROFILE_AND_OUTPUTS
INV-068,EXP-0272,modelos probabilísticos,METHOD,4,5,PROFILE_AND_OUTPUTS
INV-069,EXP-0273,monitoreo remoto,DOMAIN,5,6,PROFILE_AND_OUTPUTS
INV-069,EXP-0274,riesgos laborales,DOMAIN,3,6,PROFILE_AND_OUTPUTS
INV-069,EXP-0275,clasificación supervisada,METHOD,4,6,PROFILE_AND_OUTPUTS
INV-069,EXP-0276,modelamiento estadístico,METHOD,4,6,PROFILE_AND_OUTPUTS
INV-070,EXP-0277,riesgos laborales,DOMAIN,5,8,PROFILE_AND_OUTPUTS
INV-070,EXP-0278,epidemiología,DOMAIN,4,8,PROFILE_AND_OUTPUTS
INV-070,EXP-0279,análisis causal,METHOD,4,8,PROFILE_AND_OUTPUTS
INV-070,EXP-0280,procesamiento de señales,METHOD,4,8,PROFILE_AND_OUTPUTS
INV-071,EXP-0281,riesgos laborales,DOMAIN,5,9,PROFILE_AND_OUTPUTS
INV-071,EXP-0282,señales biomédicas,DOMAIN,5,9,PROFILE_AND_OUTPUTS
INV-071,EXP-0283,optimización,METHOD,4,9,PROFILE_AND_OUTPUTS
INV-071,EXP-0284,análisis causal,METHOD,4,9,PROFILE_AND_OUTPUTS
INV-072,EXP-0285,señales biomédicas,DOMAIN,5,2,PROFILE_AND_OUTPUTS
INV-072,EXP-0286,riesgos laborales,DOMAIN,3,2,PROFILE_AND_OUTPUTS
INV-072,EXP-0287,clasificación supervisada,METHOD,4,2,PROFILE_AND_OUTPUTS
INV-072,EXP-0288,optimización,METHOD,4,2,PROFILE_AND_OUTPUTS
INV-073,EXP-0289,seguridad del paciente,DOMAIN,5,3,PROFILE_AND_OUTPUTS
INV-073,EXP-0290,señales biomédicas,DOMAIN,4,3,PROFILE_AND_OUTPUTS
INV-073,EXP-0291,simulación,METHOD,4,3,PROFILE_AND_OUTPUTS
INV-073,EXP-0292,modelamiento estadístico,METHOD,4,3,PROFILE_AND_OUTPUTS
INV-074,EXP-0293,innovación organizacional,DOMAIN,5,5,PROFILE_AND_OUTPUTS
INV-074,EXP-0294,economía regional,DOMAIN,5,5,PROFILE_AND_OUTPUTS
INV-074,EXP-0295,recuperación de información,METHOD,4,5,PROFILE_AND_OUTPUTS
INV-074,EXP-0296,modelamiento estadístico,METHOD,4,5,PROFILE_AND_OUTPUTS
INV-075,EXP-0297,innovación organizacional,DOMAIN,5,6,PROFILE_AND_OUTPUTS
INV-075,EXP-0298,series temporales,DOMAIN,3,6,PROFILE_AND_OUTPUTS
INV-075,EXP-0299,recuperación de información,METHOD,4,6,PROFILE_AND_OUTPUTS
INV-075,EXP-0300,clasificación supervisada,METHOD,4,6,PROFILE_AND_OUTPUTS
INV-076,EXP-0301,optimización,DOMAIN,5,8,PROFILE_AND_OUTPUTS
INV-076,EXP-0302,series temporales,DOMAIN,4,8,PROFILE_AND_OUTPUTS
INV-076,EXP-0303,recuperación de información,METHOD,4,8,PROFILE_AND_OUTPUTS
INV-076,EXP-0304,modelamiento estadístico,METHOD,4,8,PROFILE_AND_OUTPUTS
INV-077,EXP-0305,optimización,DOMAIN,5,9,PROFILE_AND_OUTPUTS
INV-077,EXP-0306,economía regional,DOMAIN,5,9,PROFILE_AND_OUTPUTS
INV-077,EXP-0307,optimización,METHOD,4,9,PROFILE_AND_OUTPUTS
INV-077,EXP-0308,análisis causal,METHOD,4,9,PROFILE_AND_OUTPUTS
INV-078,EXP-0309,series temporales,DOMAIN,5,2,PROFILE_AND_OUTPUTS
INV-078,EXP-0310,optimización,DOMAIN,3,2,PROFILE_AND_OUTPUTS
INV-078,EXP-0311,diseño experimental,METHOD,4,2,PROFILE_AND_OUTPUTS
INV-078,EXP-0312,optimización,METHOD,4,2,PROFILE_AND_OUTPUTS
INV-079,EXP-0313,innovación organizacional,DOMAIN,5,3,PROFILE_AND_OUTPUTS
INV-079,EXP-0314,optimización,DOMAIN,4,3,PROFILE_AND_OUTPUTS
INV-079,EXP-0315,recuperación de información,METHOD,4,3,PROFILE_AND_OUTPUTS
INV-079,EXP-0316,diseño experimental,METHOD,4,3,PROFILE_AND_OUTPUTS
INV-080,EXP-0317,series temporales,DOMAIN,5,5,PROFILE_AND_OUTPUTS
INV-080,EXP-0318,analítica empresarial,DOMAIN,5,5,PROFILE_AND_OUTPUTS
INV-080,EXP-0319,análisis causal,METHOD,4,5,PROFILE_AND_OUTPUTS
INV-080,EXP-0320,series temporales,METHOD,4,5,PROFILE_AND_OUTPUTS
INV-081,EXP-0321,analítica empresarial,DOMAIN,5,6,PROFILE_AND_OUTPUTS
INV-081,EXP-0322,riesgo financiero,DOMAIN,3,6,PROFILE_AND_OUTPUTS
INV-081,EXP-0323,simulación,METHOD,4,6,PROFILE_AND_OUTPUTS
INV-081,EXP-0324,procesamiento de señales,METHOD,4,6,PROFILE_AND_OUTPUTS
INV-082,EXP-0325,optimización,DOMAIN,5,8,PROFILE_AND_OUTPUTS
INV-082,EXP-0326,series temporales,DOMAIN,4,8,PROFILE_AND_OUTPUTS
INV-082,EXP-0327,clasificación supervisada,METHOD,4,8,PROFILE_AND_OUTPUTS
INV-082,EXP-0328,simulación,METHOD,4,8,PROFILE_AND_OUTPUTS
INV-083,EXP-0329,economía regional,DOMAIN,5,9,PROFILE_AND_OUTPUTS
INV-083,EXP-0330,series temporales,DOMAIN,5,9,PROFILE_AND_OUTPUTS
INV-083,EXP-0331,análisis causal,METHOD,4,9,PROFILE_AND_OUTPUTS
INV-083,EXP-0332,modelos probabilísticos,METHOD,4,9,PROFILE_AND_OUTPUTS
INV-084,EXP-0333,economía regional,DOMAIN,5,2,PROFILE_AND_OUTPUTS
INV-084,EXP-0334,innovación organizacional,DOMAIN,3,2,PROFILE_AND_OUTPUTS
INV-084,EXP-0335,simulación,METHOD,4,2,PROFILE_AND_OUTPUTS
INV-084,EXP-0336,modelos probabilísticos,METHOD,4,2,PROFILE_AND_OUTPUTS
INV-085,EXP-0337,innovación organizacional,DOMAIN,5,3,PROFILE_AND_OUTPUTS
INV-085,EXP-0338,optimización,DOMAIN,4,3,PROFILE_AND_OUTPUTS
INV-085,EXP-0339,modelamiento estadístico,METHOD,4,3,PROFILE_AND_OUTPUTS
INV-085,EXP-0340,modelos probabilísticos,METHOD,4,3,PROFILE_AND_OUTPUTS
INV-086,EXP-0341,optimización,DOMAIN,5,5,PROFILE_AND_OUTPUTS
INV-086,EXP-0342,innovación organizacional,DOMAIN,5,5,PROFILE_AND_OUTPUTS
INV-086,EXP-0343,diseño experimental,METHOD,4,5,PROFILE_AND_OUTPUTS
INV-086,EXP-0344,series temporales,METHOD,4,5,PROFILE_AND_OUTPUTS
INV-087,EXP-0345,riesgo financiero,DOMAIN,5,6,PROFILE_AND_OUTPUTS
INV-087,EXP-0346,series temporales,DOMAIN,3,6,PROFILE_AND_OUTPUTS
INV-087,EXP-0347,clasificación supervisada,METHOD,4,6,PROFILE_AND_OUTPUTS
INV-087,EXP-0348,simulación,METHOD,4,6,PROFILE_AND_OUTPUTS
INV-088,EXP-0349,economía regional,DOMAIN,5,8,PROFILE_AND_OUTPUTS
INV-088,EXP-0350,optimización,DOMAIN,4,8,PROFILE_AND_OUTPUTS
INV-088,EXP-0351,diseño experimental,METHOD,4,8,PROFILE_AND_OUTPUTS
INV-088,EXP-0352,modelamiento estadístico,METHOD,4,8,PROFILE_AND_OUTPUTS
INV-089,EXP-0353,analítica empresarial,DOMAIN,5,9,PROFILE_AND_OUTPUTS
INV-089,EXP-0354,optimización,DOMAIN,5,9,PROFILE_AND_OUTPUTS
INV-089,EXP-0355,optimización,METHOD,4,9,PROFILE_AND_OUTPUTS
INV-089,EXP-0356,simulación,METHOD,4,9,PROFILE_AND_OUTPUTS
INV-090,EXP-0357,optimización,DOMAIN,5,2,PROFILE_AND_OUTPUTS
INV-090,EXP-0358,series temporales,DOMAIN,3,2,PROFILE_AND_OUTPUTS
INV-090,EXP-0359,optimización,METHOD,4,2,PROFILE_AND_OUTPUTS
INV-090,EXP-0360,análisis causal,METHOD,4,2,PROFILE_AND_OUTPUTS
INV-091,EXP-0361,economía regional,DOMAIN,5,3,PROFILE_AND_OUTPUTS
INV-091,EXP-0362,series temporales,DOMAIN,4,3,PROFILE_AND_OUTPUTS
INV-091,EXP-0363,series temporales,METHOD,4,3,PROFILE_AND_OUTPUTS
INV-091,EXP-0364,procesamiento de señales,METHOD,4,3,PROFILE_AND_OUTPUTS
INV-092,EXP-0365,riesgo financiero,DOMAIN,5,5,PROFILE_AND_OUTPUTS
INV-092,EXP-0366,economía regional,DOMAIN,5,5,PROFILE_AND_OUTPUTS
INV-092,EXP-0367,análisis causal,METHOD,4,5,PROFILE_AND_OUTPUTS
INV-092,EXP-0368,modelamiento estadístico,METHOD,4,5,PROFILE_AND_OUTPUTS
INV-093,EXP-0369,innovación organizacional,DOMAIN,5,6,PROFILE_AND_OUTPUTS
INV-093,EXP-0370,series temporales,DOMAIN,3,6,PROFILE_AND_OUTPUTS
INV-093,EXP-0371,recuperación de información,METHOD,4,6,PROFILE_AND_OUTPUTS
INV-093,EXP-0372,modelamiento estadístico,METHOD,4,6,PROFILE_AND_OUTPUTS
INV-094,EXP-0373,riesgo financiero,DOMAIN,5,8,PROFILE_AND_OUTPUTS
INV-094,EXP-0374,optimización,DOMAIN,4,8,PROFILE_AND_OUTPUTS
INV-094,EXP-0375,recuperación de información,METHOD,4,8,PROFILE_AND_OUTPUTS
INV-094,EXP-0376,series temporales,METHOD,4,8,PROFILE_AND_OUTPUTS
INV-095,EXP-0377,series temporales,DOMAIN,5,9,PROFILE_AND_OUTPUTS
INV-095,EXP-0378,optimización,DOMAIN,5,9,PROFILE_AND_OUTPUTS
INV-095,EXP-0379,clasificación supervisada,METHOD,4,9,PROFILE_AND_OUTPUTS
INV-095,EXP-0380,diseño experimental,METHOD,4,9,PROFILE_AND_OUTPUTS
INV-096,EXP-0381,innovación organizacional,DOMAIN,5,2,PROFILE_AND_OUTPUTS
INV-096,EXP-0382,analítica empresarial,DOMAIN,3,2,PROFILE_AND_OUTPUTS
INV-096,EXP-0383,procesamiento de señales,METHOD,4,2,PROFILE_AND_OUTPUTS
INV-096,EXP-0384,clasificación supervisada,METHOD,4,2,PROFILE_AND_OUTPUTS
INV-097,EXP-0385,innovación organizacional,DOMAIN,5,3,PROFILE_AND_OUTPUTS
INV-097,EXP-0386,riesgo financiero,DOMAIN,4,3,PROFILE_AND_OUTPUTS
INV-097,EXP-0387,modelamiento estadístico,METHOD,4,3,PROFILE_AND_OUTPUTS
INV-097,EXP-0388,análisis causal,METHOD,4,3,PROFILE_AND_OUTPUTS
INV-098,EXP-0389,procesamiento de señales fisiológicas,DOMAIN,5,5,PROFILE_AND_OUTPUTS
INV-098,EXP-0390,salud,DOMAIN,5,5,PROFILE_AND_OUTPUTS
INV-098,EXP-0391,procesamiento de señales,METHOD,4,5,PROFILE_AND_OUTPUTS
INV-098,EXP-0392,clasificación,METHOD,4,5,PROFILE_AND_OUTPUTS
INV-099,EXP-0393,economía regional,DOMAIN,5,6,PROFILE_AND_OUTPUTS
INV-099,EXP-0394,optimización,DOMAIN,3,6,PROFILE_AND_OUTPUTS
INV-099,EXP-0395,series temporales,METHOD,4,6,PROFILE_AND_OUTPUTS
INV-099,EXP-0396,modelos probabilísticos,METHOD,4,6,PROFILE_AND_OUTPUTS
INV-100,EXP-0397,currículo,DOMAIN,5,8,PROFILE_AND_OUTPUTS
INV-100,EXP-0398,analítica del aprendizaje,DOMAIN,4,8,PROFILE_AND_OUTPUTS
INV-100,EXP-0399,series temporales,METHOD,4,8,PROFILE_AND_OUTPUTS
INV-100,EXP-0400,análisis causal,METHOD,4,8,PROFILE_AND_OUTPUTS
INV-101,EXP-0401,currículo,DOMAIN,5,9,PROFILE_AND_OUTPUTS
INV-101,EXP-0402,analítica del aprendizaje,DOMAIN,5,9,PROFILE_AND_OUTPUTS
INV-101,EXP-0403,modelamiento estadístico,METHOD,4,9,PROFILE_AND_OUTPUTS
INV-101,EXP-0404,clasificación supervisada,METHOD,4,9,PROFILE_AND_OUTPUTS
INV-102,EXP-0405,analítica del aprendizaje,DOMAIN,5,2,PROFILE_AND_OUTPUTS
INV-102,EXP-0406,cognición,DOMAIN,3,2,PROFILE_AND_OUTPUTS
INV-102,EXP-0407,modelamiento estadístico,METHOD,4,2,PROFILE_AND_OUTPUTS
INV-102,EXP-0408,diseño experimental,METHOD,4,2,PROFILE_AND_OUTPUTS
INV-103,EXP-0409,currículo,DOMAIN,5,3,PROFILE_AND_OUTPUTS
INV-103,EXP-0410,tecnología educativa,DOMAIN,4,3,PROFILE_AND_OUTPUTS
INV-103,EXP-0411,clasificación supervisada,METHOD,4,3,PROFILE_AND_OUTPUTS
INV-103,EXP-0412,simulación,METHOD,4,3,PROFILE_AND_OUTPUTS
INV-104,EXP-0413,currículo,DOMAIN,5,5,PROFILE_AND_OUTPUTS
INV-104,EXP-0414,tecnología educativa,DOMAIN,5,5,PROFILE_AND_OUTPUTS
INV-104,EXP-0415,diseño experimental,METHOD,4,5,PROFILE_AND_OUTPUTS
INV-104,EXP-0416,optimización,METHOD,4,5,PROFILE_AND_OUTPUTS
INV-105,EXP-0417,procesamiento de lenguaje,DOMAIN,5,6,PROFILE_AND_OUTPUTS
INV-105,EXP-0418,currículo,DOMAIN,3,6,PROFILE_AND_OUTPUTS
INV-105,EXP-0419,simulación,METHOD,4,6,PROFILE_AND_OUTPUTS
INV-105,EXP-0420,diseño experimental,METHOD,4,6,PROFILE_AND_OUTPUTS
INV-106,EXP-0421,tecnología educativa,DOMAIN,5,8,PROFILE_AND_OUTPUTS
INV-106,EXP-0422,analítica del aprendizaje,DOMAIN,4,8,PROFILE_AND_OUTPUTS
INV-106,EXP-0423,optimización,METHOD,4,8,PROFILE_AND_OUTPUTS
INV-106,EXP-0424,series temporales,METHOD,4,8,PROFILE_AND_OUTPUTS
INV-107,EXP-0425,permanencia estudiantil,DOMAIN,5,9,PROFILE_AND_OUTPUTS
INV-107,EXP-0426,procesamiento de lenguaje,DOMAIN,5,9,PROFILE_AND_OUTPUTS
INV-107,EXP-0427,análisis causal,METHOD,4,9,PROFILE_AND_OUTPUTS
INV-107,EXP-0428,optimización,METHOD,4,9,PROFILE_AND_OUTPUTS
INV-108,EXP-0429,currículo,DOMAIN,5,2,PROFILE_AND_OUTPUTS
INV-108,EXP-0430,analítica del aprendizaje,DOMAIN,3,2,PROFILE_AND_OUTPUTS
INV-108,EXP-0431,optimización,METHOD,4,2,PROFILE_AND_OUTPUTS
INV-108,EXP-0432,modelos probabilísticos,METHOD,4,2,PROFILE_AND_OUTPUTS
INV-109,EXP-0433,procesamiento de lenguaje,DOMAIN,5,3,PROFILE_AND_OUTPUTS
INV-109,EXP-0434,analítica del aprendizaje,DOMAIN,4,3,PROFILE_AND_OUTPUTS
INV-109,EXP-0435,diseño experimental,METHOD,4,3,PROFILE_AND_OUTPUTS
INV-109,EXP-0436,simulación,METHOD,4,3,PROFILE_AND_OUTPUTS
INV-110,EXP-0437,cognición,DOMAIN,5,5,PROFILE_AND_OUTPUTS
INV-110,EXP-0438,permanencia estudiantil,DOMAIN,5,5,PROFILE_AND_OUTPUTS
INV-110,EXP-0439,simulación,METHOD,4,5,PROFILE_AND_OUTPUTS
INV-110,EXP-0440,optimización,METHOD,4,5,PROFILE_AND_OUTPUTS
INV-111,EXP-0441,analítica del aprendizaje,DOMAIN,5,6,PROFILE_AND_OUTPUTS
INV-111,EXP-0442,permanencia estudiantil,DOMAIN,3,6,PROFILE_AND_OUTPUTS
INV-111,EXP-0443,series temporales,METHOD,4,6,PROFILE_AND_OUTPUTS
INV-111,EXP-0444,clasificación supervisada,METHOD,4,6,PROFILE_AND_OUTPUTS
INV-112,EXP-0445,procesamiento de lenguaje,DOMAIN,5,8,PROFILE_AND_OUTPUTS
INV-112,EXP-0446,permanencia estudiantil,DOMAIN,4,8,PROFILE_AND_OUTPUTS
INV-112,EXP-0447,clasificación supervisada,METHOD,4,8,PROFILE_AND_OUTPUTS
INV-112,EXP-0448,recuperación de información,METHOD,4,8,PROFILE_AND_OUTPUTS
INV-113,EXP-0449,currículo,DOMAIN,5,9,PROFILE_AND_OUTPUTS
INV-113,EXP-0450,permanencia estudiantil,DOMAIN,5,9,PROFILE_AND_OUTPUTS
INV-113,EXP-0451,simulación,METHOD,4,9,PROFILE_AND_OUTPUTS
INV-113,EXP-0452,clasificación supervisada,METHOD,4,9,PROFILE_AND_OUTPUTS
INV-114,EXP-0453,currículo,DOMAIN,5,2,PROFILE_AND_OUTPUTS
INV-114,EXP-0454,analítica del aprendizaje,DOMAIN,3,2,PROFILE_AND_OUTPUTS
INV-114,EXP-0455,análisis causal,METHOD,4,2,PROFILE_AND_OUTPUTS
INV-114,EXP-0456,clasificación supervisada,METHOD,4,2,PROFILE_AND_OUTPUTS
INV-115,EXP-0457,analítica del aprendizaje,DOMAIN,5,3,PROFILE_AND_OUTPUTS
INV-115,EXP-0458,tecnología educativa,DOMAIN,4,3,PROFILE_AND_OUTPUTS
INV-115,EXP-0459,análisis causal,METHOD,4,3,PROFILE_AND_OUTPUTS
INV-115,EXP-0460,modelamiento estadístico,METHOD,4,3,PROFILE_AND_OUTPUTS
INV-116,EXP-0461,analítica del aprendizaje,DOMAIN,5,5,PROFILE_AND_OUTPUTS
INV-116,EXP-0462,permanencia estudiantil,DOMAIN,5,5,PROFILE_AND_OUTPUTS
INV-116,EXP-0463,recuperación de información,METHOD,4,5,PROFILE_AND_OUTPUTS
INV-116,EXP-0464,análisis causal,METHOD,4,5,PROFILE_AND_OUTPUTS
INV-117,EXP-0465,analítica del aprendizaje,DOMAIN,5,6,PROFILE_AND_OUTPUTS
INV-117,EXP-0466,permanencia estudiantil,DOMAIN,3,6,PROFILE_AND_OUTPUTS
INV-117,EXP-0467,simulación,METHOD,4,6,PROFILE_AND_OUTPUTS
INV-117,EXP-0468,clasificación supervisada,METHOD,4,6,PROFILE_AND_OUTPUTS
INV-118,EXP-0469,currículo,DOMAIN,5,8,PROFILE_AND_OUTPUTS
INV-118,EXP-0470,analítica del aprendizaje,DOMAIN,4,8,PROFILE_AND_OUTPUTS
INV-118,EXP-0471,diseño experimental,METHOD,4,8,PROFILE_AND_OUTPUTS
INV-118,EXP-0472,recuperación de información,METHOD,4,8,PROFILE_AND_OUTPUTS
INV-119,EXP-0473,tecnología educativa,DOMAIN,5,9,PROFILE_AND_OUTPUTS
INV-119,EXP-0474,permanencia estudiantil,DOMAIN,5,9,PROFILE_AND_OUTPUTS
INV-119,EXP-0475,clasificación supervisada,METHOD,4,9,PROFILE_AND_OUTPUTS
INV-119,EXP-0476,modelos probabilísticos,METHOD,4,9,PROFILE_AND_OUTPUTS
INV-120,EXP-0477,analítica del aprendizaje,DOMAIN,5,2,PROFILE_AND_OUTPUTS
INV-120,EXP-0478,permanencia estudiantil,DOMAIN,3,2,PROFILE_AND_OUTPUTS
INV-120,EXP-0479,series temporales,METHOD,4,2,PROFILE_AND_OUTPUTS
INV-120,EXP-0480,clasificación supervisada,METHOD,4,2,PROFILE_AND_OUTPUTS
INV-121,EXP-0481,currículo,DOMAIN,5,3,PROFILE_AND_OUTPUTS
INV-121,EXP-0482,analítica del aprendizaje,DOMAIN,4,3,PROFILE_AND_OUTPUTS
INV-121,EXP-0483,modelamiento estadístico,METHOD,4,3,PROFILE_AND_OUTPUTS
INV-121,EXP-0484,procesamiento de señales,METHOD,4,3,PROFILE_AND_OUTPUTS
INV-122,EXP-0485,analítica del aprendizaje,DOMAIN,5,5,PROFILE_AND_OUTPUTS
INV-122,EXP-0486,tecnología educativa,DOMAIN,5,5,PROFILE_AND_OUTPUTS
INV-122,EXP-0487,clasificación supervisada,METHOD,4,5,PROFILE_AND_OUTPUTS
INV-122,EXP-0488,análisis causal,METHOD,4,5,PROFILE_AND_OUTPUTS
INV-123,EXP-0489,tecnología educativa,DOMAIN,5,6,PROFILE_AND_OUTPUTS
INV-123,EXP-0490,currículo,DOMAIN,3,6,PROFILE_AND_OUTPUTS
INV-123,EXP-0491,optimización,METHOD,4,6,PROFILE_AND_OUTPUTS
INV-123,EXP-0492,series temporales,METHOD,4,6,PROFILE_AND_OUTPUTS
INV-124,EXP-0493,permanencia estudiantil,DOMAIN,5,8,PROFILE_AND_OUTPUTS
INV-124,EXP-0494,cognición,DOMAIN,4,8,PROFILE_AND_OUTPUTS
INV-124,EXP-0495,series temporales,METHOD,4,8,PROFILE_AND_OUTPUTS
INV-124,EXP-0496,procesamiento de señales,METHOD,4,8,PROFILE_AND_OUTPUTS
INV-125,EXP-0497,permanencia estudiantil,DOMAIN,5,9,PROFILE_AND_OUTPUTS
INV-125,EXP-0498,cognición,DOMAIN,5,9,PROFILE_AND_OUTPUTS
INV-125,EXP-0499,clasificación supervisada,METHOD,4,9,PROFILE_AND_OUTPUTS
INV-125,EXP-0500,simulación,METHOD,4,9,PROFILE_AND_OUTPUTS
INV-126,EXP-0501,cognición,DOMAIN,5,2,PROFILE_AND_OUTPUTS
INV-126,EXP-0502,permanencia estudiantil,DOMAIN,3,2,PROFILE_AND_OUTPUTS
INV-126,EXP-0503,recuperación de información,METHOD,4,2,PROFILE_AND_OUTPUTS
INV-126,EXP-0504,simulación,METHOD,4,2,PROFILE_AND_OUTPUTS
INV-127,EXP-0505,procesamiento de lenguaje,DOMAIN,5,3,PROFILE_AND_OUTPUTS
INV-127,EXP-0506,tecnología educativa,DOMAIN,4,3,PROFILE_AND_OUTPUTS
INV-127,EXP-0507,simulación,METHOD,4,3,PROFILE_AND_OUTPUTS
INV-127,EXP-0508,series temporales,METHOD,4,3,PROFILE_AND_OUTPUTS
INV-128,EXP-0509,calidad del agua,DOMAIN,5,5,PROFILE_AND_OUTPUTS
INV-128,EXP-0510,monitoreo ambiental,DOMAIN,5,5,PROFILE_AND_OUTPUTS
INV-128,EXP-0511,recuperación de información,METHOD,4,5,PROFILE_AND_OUTPUTS
INV-128,EXP-0512,clasificación supervisada,METHOD,4,5,PROFILE_AND_OUTPUTS
INV-129,EXP-0513,infraestructura inteligente,DOMAIN,5,6,PROFILE_AND_OUTPUTS
INV-129,EXP-0514,cambio climático,DOMAIN,3,6,PROFILE_AND_OUTPUTS
INV-129,EXP-0515,diseño experimental,METHOD,4,6,PROFILE_AND_OUTPUTS
INV-129,EXP-0516,modelos probabilísticos,METHOD,4,6,PROFILE_AND_OUTPUTS
INV-130,EXP-0517,sostenibilidad,DOMAIN,5,8,PROFILE_AND_OUTPUTS
INV-130,EXP-0518,calidad del agua,DOMAIN,4,8,PROFILE_AND_OUTPUTS
INV-130,EXP-0519,clasificación supervisada,METHOD,4,8,PROFILE_AND_OUTPUTS
INV-130,EXP-0520,modelos probabilísticos,METHOD,4,8,PROFILE_AND_OUTPUTS
INV-131,EXP-0521,sostenibilidad,DOMAIN,5,9,PROFILE_AND_OUTPUTS
INV-131,EXP-0522,calidad del agua,DOMAIN,5,9,PROFILE_AND_OUTPUTS
INV-131,EXP-0523,clasificación supervisada,METHOD,4,9,PROFILE_AND_OUTPUTS
INV-131,EXP-0524,simulación,METHOD,4,9,PROFILE_AND_OUTPUTS
INV-132,EXP-0525,sostenibilidad,DOMAIN,5,2,PROFILE_AND_OUTPUTS
INV-132,EXP-0526,cambio climático,DOMAIN,3,2,PROFILE_AND_OUTPUTS
INV-132,EXP-0527,recuperación de información,METHOD,4,2,PROFILE_AND_OUTPUTS
INV-132,EXP-0528,clasificación supervisada,METHOD,4,2,PROFILE_AND_OUTPUTS
INV-133,EXP-0529,infraestructura inteligente,DOMAIN,5,3,PROFILE_AND_OUTPUTS
INV-133,EXP-0530,calidad del agua,DOMAIN,4,3,PROFILE_AND_OUTPUTS
INV-133,EXP-0531,series temporales,METHOD,4,3,PROFILE_AND_OUTPUTS
INV-133,EXP-0532,simulación,METHOD,4,3,PROFILE_AND_OUTPUTS
INV-134,EXP-0533,cambio climático,DOMAIN,5,5,PROFILE_AND_OUTPUTS
INV-134,EXP-0534,sostenibilidad,DOMAIN,5,5,PROFILE_AND_OUTPUTS
INV-134,EXP-0535,modelos probabilísticos,METHOD,4,5,PROFILE_AND_OUTPUTS
INV-134,EXP-0536,procesamiento de señales,METHOD,4,5,PROFILE_AND_OUTPUTS
INV-135,EXP-0537,cambio climático,DOMAIN,5,6,PROFILE_AND_OUTPUTS
INV-135,EXP-0538,calidad del agua,DOMAIN,3,6,PROFILE_AND_OUTPUTS
INV-135,EXP-0539,optimización,METHOD,4,6,PROFILE_AND_OUTPUTS
INV-135,EXP-0540,modelamiento estadístico,METHOD,4,6,PROFILE_AND_OUTPUTS
INV-136,EXP-0541,monitoreo ambiental,DOMAIN,5,8,PROFILE_AND_OUTPUTS
INV-136,EXP-0542,cambio climático,DOMAIN,4,8,PROFILE_AND_OUTPUTS
INV-136,EXP-0543,procesamiento de señales,METHOD,4,8,PROFILE_AND_OUTPUTS
INV-136,EXP-0544,modelamiento estadístico,METHOD,4,8,PROFILE_AND_OUTPUTS
INV-137,EXP-0545,calidad del agua,DOMAIN,5,9,PROFILE_AND_OUTPUTS
INV-137,EXP-0546,ambiente,DOMAIN,5,9,PROFILE_AND_OUTPUTS
INV-137,EXP-0547,análisis multivariado,METHOD,4,9,PROFILE_AND_OUTPUTS
INV-137,EXP-0548,diseño experimental,METHOD,4,9,PROFILE_AND_OUTPUTS
INV-138,EXP-0549,cambio climático,DOMAIN,5,2,PROFILE_AND_OUTPUTS
INV-138,EXP-0550,territorio,DOMAIN,3,2,PROFILE_AND_OUTPUTS
INV-138,EXP-0551,procesamiento de señales,METHOD,4,2,PROFILE_AND_OUTPUTS
INV-138,EXP-0552,optimización,METHOD,4,2,PROFILE_AND_OUTPUTS
INV-139,EXP-0553,cambio climático,DOMAIN,5,3,PROFILE_AND_OUTPUTS
INV-139,EXP-0554,sostenibilidad,DOMAIN,4,3,PROFILE_AND_OUTPUTS
INV-139,EXP-0555,modelos probabilísticos,METHOD,4,3,PROFILE_AND_OUTPUTS
INV-139,EXP-0556,series temporales,METHOD,4,3,PROFILE_AND_OUTPUTS
INV-140,EXP-0557,territorio,DOMAIN,5,5,PROFILE_AND_OUTPUTS
INV-140,EXP-0558,sostenibilidad,DOMAIN,5,5,PROFILE_AND_OUTPUTS
INV-140,EXP-0559,simulación,METHOD,4,5,PROFILE_AND_OUTPUTS
INV-140,EXP-0560,recuperación de información,METHOD,4,5,PROFILE_AND_OUTPUTS
INV-141,EXP-0561,infraestructura inteligente,DOMAIN,5,6,PROFILE_AND_OUTPUTS
INV-141,EXP-0562,territorio,DOMAIN,3,6,PROFILE_AND_OUTPUTS
INV-141,EXP-0563,series temporales,METHOD,4,6,PROFILE_AND_OUTPUTS
INV-141,EXP-0564,optimización,METHOD,4,6,PROFILE_AND_OUTPUTS
INV-142,EXP-0565,calidad del agua,DOMAIN,5,8,PROFILE_AND_OUTPUTS
INV-142,EXP-0566,monitoreo ambiental,DOMAIN,4,8,PROFILE_AND_OUTPUTS
INV-142,EXP-0567,recuperación de información,METHOD,4,8,PROFILE_AND_OUTPUTS
INV-142,EXP-0568,análisis causal,METHOD,4,8,PROFILE_AND_OUTPUTS
INV-143,EXP-0569,territorio,DOMAIN,5,9,PROFILE_AND_OUTPUTS
INV-143,EXP-0570,calidad del agua,DOMAIN,5,9,PROFILE_AND_OUTPUTS
INV-143,EXP-0571,diseño experimental,METHOD,4,9,PROFILE_AND_OUTPUTS
INV-143,EXP-0572,optimización,METHOD,4,9,PROFILE_AND_OUTPUTS
INV-144,EXP-0573,monitoreo ambiental,DOMAIN,5,2,PROFILE_AND_OUTPUTS
INV-144,EXP-0574,cambio climático,DOMAIN,3,2,PROFILE_AND_OUTPUTS
INV-144,EXP-0575,modelos probabilísticos,METHOD,4,2,PROFILE_AND_OUTPUTS
INV-144,EXP-0576,clasificación supervisada,METHOD,4,2,PROFILE_AND_OUTPUTS
INV-145,EXP-0577,sostenibilidad,DOMAIN,5,3,PROFILE_AND_OUTPUTS
INV-145,EXP-0578,cambio climático,DOMAIN,4,3,PROFILE_AND_OUTPUTS
INV-145,EXP-0579,modelamiento estadístico,METHOD,4,3,PROFILE_AND_OUTPUTS
INV-145,EXP-0580,modelos probabilísticos,METHOD,4,3,PROFILE_AND_OUTPUTS
INV-146,EXP-0581,cambio climático,DOMAIN,5,5,PROFILE_AND_OUTPUTS
INV-146,EXP-0582,calidad del agua,DOMAIN,5,5,PROFILE_AND_OUTPUTS
INV-146,EXP-0583,modelos probabilísticos,METHOD,4,5,PROFILE_AND_OUTPUTS
INV-146,EXP-0584,diseño experimental,METHOD,4,5,PROFILE_AND_OUTPUTS
INV-147,EXP-0585,calidad del agua,DOMAIN,5,6,PROFILE_AND_OUTPUTS
INV-147,EXP-0586,sostenibilidad,DOMAIN,3,6,PROFILE_AND_OUTPUTS
INV-147,EXP-0587,optimización,METHOD,4,6,PROFILE_AND_OUTPUTS
INV-147,EXP-0588,análisis causal,METHOD,4,6,PROFILE_AND_OUTPUTS
INV-148,EXP-0589,infraestructura inteligente,DOMAIN,5,8,PROFILE_AND_OUTPUTS
INV-148,EXP-0590,sostenibilidad,DOMAIN,4,8,PROFILE_AND_OUTPUTS
INV-148,EXP-0591,series temporales,METHOD,4,8,PROFILE_AND_OUTPUTS
INV-148,EXP-0592,modelos probabilísticos,METHOD,4,8,PROFILE_AND_OUTPUTS
INV-149,EXP-0593,calidad del agua,DOMAIN,5,9,PROFILE_AND_OUTPUTS
INV-149,EXP-0594,sostenibilidad,DOMAIN,5,9,PROFILE_AND_OUTPUTS
INV-149,EXP-0595,modelos probabilísticos,METHOD,4,9,PROFILE_AND_OUTPUTS
INV-149,EXP-0596,diseño experimental,METHOD,4,9,PROFILE_AND_OUTPUTS
INV-150,EXP-0597,sostenibilidad,DOMAIN,5,2,PROFILE_AND_OUTPUTS
INV-150,EXP-0598,monitoreo ambiental,DOMAIN,3,2,PROFILE_AND_OUTPUTS
INV-150,EXP-0599,clasificación supervisada,METHOD,4,2,PROFILE_AND_OUTPUTS
INV-150,EXP-0600,modelos probabilísticos,METHOD,4,2,PROFILE_AND_OUTPUTS
INV-151,EXP-0601,territorio,DOMAIN,5,3,PROFILE_AND_OUTPUTS
INV-151,EXP-0602,infraestructura inteligente,DOMAIN,4,3,PROFILE_AND_OUTPUTS
INV-151,EXP-0603,recuperación de información,METHOD,4,3,PROFILE_AND_OUTPUTS
INV-151,EXP-0604,series temporales,METHOD,4,3,PROFILE_AND_OUTPUTS
INV-152,EXP-0605,sostenibilidad,DOMAIN,5,5,PROFILE_AND_OUTPUTS
INV-152,EXP-0606,infraestructura inteligente,DOMAIN,5,5,PROFILE_AND_OUTPUTS
INV-152,EXP-0607,recuperación de información,METHOD,4,5,PROFILE_AND_OUTPUTS
INV-152,EXP-0608,modelos probabilísticos,METHOD,4,5,PROFILE_AND_OUTPUTS
INV-153,EXP-0609,infraestructura inteligente,DOMAIN,5,6,PROFILE_AND_OUTPUTS
INV-153,EXP-0610,sostenibilidad,DOMAIN,3,6,PROFILE_AND_OUTPUTS
INV-153,EXP-0611,modelos probabilísticos,METHOD,4,6,PROFILE_AND_OUTPUTS
INV-153,EXP-0612,diseño experimental,METHOD,4,6,PROFILE_AND_OUTPUTS
INV-154,EXP-0613,monitoreo ambiental,DOMAIN,5,8,PROFILE_AND_OUTPUTS
INV-154,EXP-0614,territorio,DOMAIN,4,8,PROFILE_AND_OUTPUTS
INV-154,EXP-0615,diseño experimental,METHOD,4,8,PROFILE_AND_OUTPUTS
INV-154,EXP-0616,series temporales,METHOD,4,8,PROFILE_AND_OUTPUTS
INV-155,EXP-0617,series temporales,DOMAIN,5,9,PROFILE_AND_OUTPUTS
INV-155,EXP-0618,NLP,DOMAIN,5,9,PROFILE_AND_OUTPUTS
INV-155,EXP-0619,series temporales,METHOD,4,9,PROFILE_AND_OUTPUTS
INV-155,EXP-0620,simulación,METHOD,4,9,PROFILE_AND_OUTPUTS
INV-156,EXP-0621,modelamiento matemático,DOMAIN,5,2,PROFILE_AND_OUTPUTS
INV-156,EXP-0622,series temporales,DOMAIN,3,2,PROFILE_AND_OUTPUTS
INV-156,EXP-0623,recuperación de información,METHOD,4,2,PROFILE_AND_OUTPUTS
INV-156,EXP-0624,series temporales,METHOD,4,2,PROFILE_AND_OUTPUTS
INV-157,EXP-0625,IA explicable,DOMAIN,5,3,PROFILE_AND_OUTPUTS
INV-157,EXP-0626,series temporales,DOMAIN,4,3,PROFILE_AND_OUTPUTS
INV-157,EXP-0627,modelos probabilísticos,METHOD,4,3,PROFILE_AND_OUTPUTS
INV-157,EXP-0628,diseño experimental,METHOD,4,3,PROFILE_AND_OUTPUTS
INV-158,EXP-0629,modelamiento matemático,DOMAIN,5,5,PROFILE_AND_OUTPUTS
INV-158,EXP-0630,NLP,DOMAIN,5,5,PROFILE_AND_OUTPUTS
INV-158,EXP-0631,modelamiento estadístico,METHOD,4,5,PROFILE_AND_OUTPUTS
INV-158,EXP-0632,recuperación de información,METHOD,4,5,PROFILE_AND_OUTPUTS
INV-159,EXP-0633,series temporales,DOMAIN,5,6,PROFILE_AND_OUTPUTS
INV-159,EXP-0634,ambiente,DOMAIN,3,6,PROFILE_AND_OUTPUTS
INV-159,EXP-0635,series temporales,METHOD,4,6,PROFILE_AND_OUTPUTS
INV-159,EXP-0636,modelos probabilísticos,METHOD,4,6,PROFILE_AND_OUTPUTS
INV-160,EXP-0637,modelamiento matemático,DOMAIN,5,8,PROFILE_AND_OUTPUTS
INV-160,EXP-0638,instrumentación,DOMAIN,4,8,PROFILE_AND_OUTPUTS
INV-160,EXP-0639,análisis causal,METHOD,4,8,PROFILE_AND_OUTPUTS
INV-160,EXP-0640,simulación,METHOD,4,8,PROFILE_AND_OUTPUTS
INV-161,EXP-0641,instrumentación,DOMAIN,5,9,PROFILE_AND_OUTPUTS
INV-161,EXP-0642,modelamiento matemático,DOMAIN,5,9,PROFILE_AND_OUTPUTS
INV-161,EXP-0643,optimización,METHOD,4,9,PROFILE_AND_OUTPUTS
INV-161,EXP-0644,modelamiento estadístico,METHOD,4,9,PROFILE_AND_OUTPUTS
INV-162,EXP-0645,instrumentación,DOMAIN,5,2,PROFILE_AND_OUTPUTS
INV-162,EXP-0646,series temporales,DOMAIN,3,2,PROFILE_AND_OUTPUTS
INV-162,EXP-0647,modelos probabilísticos,METHOD,4,2,PROFILE_AND_OUTPUTS
INV-162,EXP-0648,simulación,METHOD,4,2,PROFILE_AND_OUTPUTS
INV-163,EXP-0649,series temporales,DOMAIN,5,3,PROFILE_AND_OUTPUTS
INV-163,EXP-0650,IA explicable,DOMAIN,4,3,PROFILE_AND_OUTPUTS
INV-163,EXP-0651,diseño experimental,METHOD,4,3,PROFILE_AND_OUTPUTS
INV-163,EXP-0652,modelamiento estadístico,METHOD,4,3,PROFILE_AND_OUTPUTS
INV-164,EXP-0653,series temporales,DOMAIN,5,5,PROFILE_AND_OUTPUTS
INV-164,EXP-0654,ciencia de datos,DOMAIN,5,5,PROFILE_AND_OUTPUTS
INV-164,EXP-0655,series temporales,METHOD,4,5,PROFILE_AND_OUTPUTS
INV-164,EXP-0656,modelos probabilísticos,METHOD,4,5,PROFILE_AND_OUTPUTS
INV-165,EXP-0657,modelamiento matemático,DOMAIN,5,6,PROFILE_AND_OUTPUTS
INV-165,EXP-0658,IA explicable,DOMAIN,3,6,PROFILE_AND_OUTPUTS
INV-165,EXP-0659,series temporales,METHOD,4,6,PROFILE_AND_OUTPUTS
INV-165,EXP-0660,diseño experimental,METHOD,4,6,PROFILE_AND_OUTPUTS
INV-166,EXP-0661,NLP,DOMAIN,5,8,PROFILE_AND_OUTPUTS
INV-166,EXP-0662,series temporales,DOMAIN,4,8,PROFILE_AND_OUTPUTS
INV-166,EXP-0663,análisis causal,METHOD,4,8,PROFILE_AND_OUTPUTS
INV-166,EXP-0664,simulación,METHOD,4,8,PROFILE_AND_OUTPUTS
INV-167,EXP-0665,modelamiento matemático,DOMAIN,5,9,PROFILE_AND_OUTPUTS
INV-167,EXP-0666,ciencia de datos,DOMAIN,5,9,PROFILE_AND_OUTPUTS
INV-167,EXP-0667,optimización,METHOD,4,9,PROFILE_AND_OUTPUTS
INV-167,EXP-0668,análisis causal,METHOD,4,9,PROFILE_AND_OUTPUTS
INV-168,EXP-0669,NLP,DOMAIN,5,2,PROFILE_AND_OUTPUTS
INV-168,EXP-0670,ciencia de datos,DOMAIN,3,2,PROFILE_AND_OUTPUTS
INV-168,EXP-0671,análisis causal,METHOD,4,2,PROFILE_AND_OUTPUTS
INV-168,EXP-0672,procesamiento de señales,METHOD,4,2,PROFILE_AND_OUTPUTS
INV-169,EXP-0673,modelamiento matemático,DOMAIN,5,3,PROFILE_AND_OUTPUTS
INV-169,EXP-0674,IA explicable,DOMAIN,4,3,PROFILE_AND_OUTPUTS
INV-169,EXP-0675,clasificación supervisada,METHOD,4,3,PROFILE_AND_OUTPUTS
INV-169,EXP-0676,recuperación de información,METHOD,4,3,PROFILE_AND_OUTPUTS
INV-170,EXP-0677,series temporales,DOMAIN,5,5,PROFILE_AND_OUTPUTS
INV-170,EXP-0678,NLP,DOMAIN,5,5,PROFILE_AND_OUTPUTS
INV-170,EXP-0679,procesamiento de señales,METHOD,4,5,PROFILE_AND_OUTPUTS
INV-170,EXP-0680,diseño experimental,METHOD,4,5,PROFILE_AND_OUTPUTS
INV-171,EXP-0681,IA explicable,DOMAIN,5,6,PROFILE_AND_OUTPUTS
INV-171,EXP-0682,NLP,DOMAIN,3,6,PROFILE_AND_OUTPUTS
INV-171,EXP-0683,modelamiento estadístico,METHOD,4,6,PROFILE_AND_OUTPUTS
INV-171,EXP-0684,análisis causal,METHOD,4,6,PROFILE_AND_OUTPUTS
INV-172,EXP-0685,series temporales,DOMAIN,5,8,PROFILE_AND_OUTPUTS
INV-172,EXP-0686,ciencia de datos,DOMAIN,4,8,PROFILE_AND_OUTPUTS
INV-172,EXP-0687,simulación,METHOD,4,8,PROFILE_AND_OUTPUTS
INV-172,EXP-0688,optimización,METHOD,4,8,PROFILE_AND_OUTPUTS
INV-173,EXP-0689,IA explicable,DOMAIN,5,9,PROFILE_AND_OUTPUTS
INV-173,EXP-0690,series temporales,DOMAIN,5,9,PROFILE_AND_OUTPUTS
INV-173,EXP-0691,optimización,METHOD,4,9,PROFILE_AND_OUTPUTS
INV-173,EXP-0692,recuperación de información,METHOD,4,9,PROFILE_AND_OUTPUTS
INV-174,EXP-0693,series temporales,DOMAIN,5,2,PROFILE_AND_OUTPUTS
INV-174,EXP-0694,ciencia de datos,DOMAIN,3,2,PROFILE_AND_OUTPUTS
INV-174,EXP-0695,simulación,METHOD,4,2,PROFILE_AND_OUTPUTS
INV-174,EXP-0696,series temporales,METHOD,4,2,PROFILE_AND_OUTPUTS
INV-175,EXP-0697,ciencia de datos,DOMAIN,5,3,PROFILE_AND_OUTPUTS
INV-175,EXP-0698,series temporales,DOMAIN,4,3,PROFILE_AND_OUTPUTS
INV-175,EXP-0699,series temporales,METHOD,4,3,PROFILE_AND_OUTPUTS
INV-175,EXP-0700,clasificación supervisada,METHOD,4,3,PROFILE_AND_OUTPUTS
INV-176,EXP-0701,series temporales,DOMAIN,5,5,PROFILE_AND_OUTPUTS
INV-176,EXP-0702,IA explicable,DOMAIN,5,5,PROFILE_AND_OUTPUTS
INV-176,EXP-0703,modelamiento estadístico,METHOD,4,5,PROFILE_AND_OUTPUTS
INV-176,EXP-0704,modelos probabilísticos,METHOD,4,5,PROFILE_AND_OUTPUTS
INV-177,EXP-0705,IA explicable,DOMAIN,5,6,PROFILE_AND_OUTPUTS
INV-177,EXP-0706,instrumentación,DOMAIN,3,6,PROFILE_AND_OUTPUTS
INV-177,EXP-0707,procesamiento de señales,METHOD,4,6,PROFILE_AND_OUTPUTS
INV-177,EXP-0708,análisis causal,METHOD,4,6,PROFILE_AND_OUTPUTS
INV-178,EXP-0709,instrumentación,DOMAIN,5,8,PROFILE_AND_OUTPUTS
INV-178,EXP-0710,NLP,DOMAIN,4,8,PROFILE_AND_OUTPUTS
INV-178,EXP-0711,optimización,METHOD,4,8,PROFILE_AND_OUTPUTS
INV-178,EXP-0712,series temporales,METHOD,4,8,PROFILE_AND_OUTPUTS
INV-179,EXP-0713,instrumentación,DOMAIN,5,9,PROFILE_AND_OUTPUTS
INV-179,EXP-0714,series temporales,DOMAIN,5,9,PROFILE_AND_OUTPUTS
INV-179,EXP-0715,modelamiento estadístico,METHOD,4,9,PROFILE_AND_OUTPUTS
INV-179,EXP-0716,simulación,METHOD,4,9,PROFILE_AND_OUTPUTS
INV-180,EXP-0717,IA explicable,DOMAIN,5,2,PROFILE_AND_OUTPUTS
INV-180,EXP-0718,instrumentación,DOMAIN,3,2,PROFILE_AND_OUTPUTS
INV-180,EXP-0719,recuperación de información,METHOD,4,2,PROFILE_AND_OUTPUTS
INV-180,EXP-0720,optimización,METHOD,4,2,PROFILE_AND_OUTPUTS
