file_name,entity_type,entity_id
project_profile_001.md,PROJECT,PRJ-001
project_profile_002.md,PROJECT,PRJ-002
project_profile_003.md,PROJECT,PRJ-003
project_profile_004.md,PROJECT,PRJ-004
project_profile_005.md,PROJECT,PRJ-005
project_profile_006.md,PROJECT,PRJ-006
project_profile_007.md,PROJECT,PRJ-007
project_profile_008.md,PROJECT,PRJ-008
project_profile_009.md,PROJECT,PRJ-009
project_profile_010.md,PROJECT,PRJ-010
project_profile_011.md,PROJECT,PRJ-011
project_profile_012.md,PROJECT,PRJ-012
project_profile_013.md,PROJECT,PRJ-013
project_profile_014.md,PROJECT,PRJ-014
project_profile_015.md,PROJECT,PRJ-015
project_profile_016.md,PROJECT,PRJ-016
project_profile_017.md,PROJECT,PRJ-017
project_profile_018.md,PROJECT,PRJ-018
project_profile_019.md,PROJECT,PRJ-019
project_profile_020.md,PROJECT,PRJ-020
project_profile_021.md,PROJECT,PRJ-021
project_profile_022.md,PROJECT,PRJ-022
project_profile_023.md,PROJECT,PRJ-023
project_profile_024.md,PROJECT,PRJ-024
project_profile_025.md,PROJECT,PRJ-025
project_profile_026.md,PROJECT,PRJ-026
project_profile_027.md,PROJECT,PRJ-027
project_profile_028.md,PROJECT,PRJ-028
project_profile_029.md,PROJECT,PRJ-029
project_profile_030.md,PROJECT,PRJ-030
thesis_summary_001.md,THESIS,THS-001
thesis_summary_002.md,THESIS,THS-002
thesis_summary_003.md,THESIS,THS-003
thesis_summary_004.md,THESIS,THS-004
thesis_summary_005.md,THESIS,THS-005
thesis_summary_006.md,THESIS,THS-006
thesis_summary_007.md,THESIS,THS-007
thesis_summary_008.md,THESIS,THS-008
thesis_summary_009.md,THESIS,THS-009
thesis_summary_010.md,THESIS,THS-010
thesis_summary_011.md,THESIS,THS-011
thesis_summary_012.md,THESIS,THS-012
thesis_summary_013.md,THESIS,THS-013
thesis_summary_014.md,THESIS,THS-014
thesis_summary_015.md,THESIS,THS-015
thesis_summary_016.md,THESIS,THS-016
thesis_summary_017.md,THESIS,THS-017
thesis_summary_018.md,THESIS,THS-018
thesis_summary_019.md,THESIS,THS-019
thesis_summary_020.md,THESIS,THS-020
institutional_need_001.md,NEED,NEED-001
institutional_need_002.md,NEED,NEED-002
institutional_need_003.md,NEED,NEED-003
institutional_need_004.md,NEED,NEED-004
institutional_need_005.md,NEED,NEED-005
institutional_need_006.md,NEED,NEED-006
institutional_need_007.md,NEED,NEED-007
institutional_need_008.md,NEED,NEED-008
institutional_need_009.md,NEED,NEED-009
institutional_need_010.md,NEED,NEED-010
