researcher_id,project_id,role
INV-124,PRJ-001,PI
INV-121,PRJ-001,CO_INVESTIGATOR
INV-112,PRJ-002,PI
INV-110,PRJ-002,CO_INVESTIGATOR
INV-100,PRJ-003,PI
INV-114,PRJ-003,CO_INVESTIGATOR
INV-126,PRJ-003,CO_INVESTIGATOR
INV-127,PRJ-004,PI
INV-100,PRJ-004,CO_INVESTIGATOR
INV-105,PRJ-005,PI
INV-114,PRJ-005,CO_INVESTIGATOR
INV-116,PRJ-006,PI
INV-105,PRJ-006,CO_INVESTIGATOR
INV-125,PRJ-006,CO_INVESTIGATOR
INV-114,PRJ-007,PI
INV-102,PRJ-007,CO_INVESTIGATOR
INV-103,PRJ-008,PI
INV-124,PRJ-008,CO_INVESTIGATOR
INV-109,PRJ-009,PI
INV-110,PRJ-009,CO_INVESTIGATOR
INV-118,PRJ-009,CO_INVESTIGATOR
INV-120,PRJ-010,PI
INV-104,PRJ-010,CO_INVESTIGATOR
INV-100,PRJ-011,PI
INV-123,PRJ-011,CO_INVESTIGATOR
INV-119,PRJ-012,PI
INV-126,PRJ-012,CO_INVESTIGATOR
INV-127,PRJ-012,CO_INVESTIGATOR
INV-124,PRJ-013,PI
INV-103,PRJ-013,CO_INVESTIGATOR
INV-121,PRJ-014,PI
INV-111,PRJ-014,CO_INVESTIGATOR
INV-123,PRJ-015,PI
INV-121,PRJ-015,CO_INVESTIGATOR
INV-126,PRJ-015,CO_INVESTIGATOR
INV-106,PRJ-016,PI
INV-112,PRJ-016,CO_INVESTIGATOR
INV-125,PRJ-017,PI
INV-103,PRJ-017,CO_INVESTIGATOR
INV-115,PRJ-018,PI
INV-119,PRJ-018,CO_INVESTIGATOR
INV-122,PRJ-018,CO_INVESTIGATOR
INV-111,PRJ-019,PI
INV-106,PRJ-019,CO_INVESTIGATOR
INV-108,PRJ-020,PI
INV-110,PRJ-020,CO_INVESTIGATOR
INV-127,PRJ-021,PI
INV-103,PRJ-021,CO_INVESTIGATOR
INV-123,PRJ-021,CO_INVESTIGATOR
INV-115,PRJ-022,PI
INV-114,PRJ-022,CO_INVESTIGATOR
INV-122,PRJ-023,PI
INV-111,PRJ-023,CO_INVESTIGATOR
INV-105,PRJ-024,PI
INV-110,PRJ-024,CO_INVESTIGATOR
INV-123,PRJ-024,CO_INVESTIGATOR
INV-157,PRJ-025,PI
INV-164,PRJ-025,CO_INVESTIGATOR
INV-168,PRJ-026,PI
INV-170,PRJ-026,CO_INVESTIGATOR
INV-165,PRJ-027,PI
INV-169,PRJ-027,CO_INVESTIGATOR
INV-161,PRJ-027,CO_INVESTIGATOR
INV-157,PRJ-028,PI
INV-155,PRJ-028,CO_INVESTIGATOR
INV-164,PRJ-029,PI
INV-155,PRJ-029,CO_INVESTIGATOR
INV-174,PRJ-030,PI
INV-159,PRJ-030,CO_INVESTIGATOR
INV-169,PRJ-030,CO_INVESTIGATOR
INV-170,PRJ-031,PI
INV-166,PRJ-031,CO_INVESTIGATOR
INV-171,PRJ-032,PI
INV-156,PRJ-032,CO_INVESTIGATOR
INV-047,PRJ-033,PI
INV-071,PRJ-033,CO_INVESTIGATOR
INV-052,PRJ-033,CO_INVESTIGATOR
INV-064,PRJ-034,PI
INV-057,PRJ-034,CO_INVESTIGATOR
INV-064,PRJ-035,PI
INV-059,PRJ-035,CO_INVESTIGATOR
INV-050,PRJ-036,PI
INV-067,PRJ-036,CO_INVESTIGATOR
INV-046,PRJ-036,CO_INVESTIGATOR
INV-067,PRJ-037,PI
INV-043,PRJ-037,CO_INVESTIGATOR
INV-055,PRJ-038,PI
INV-061,PRJ-038,CO_INVESTIGATOR
INV-064,PRJ-039,PI
INV-068,PRJ-039,CO_INVESTIGATOR
INV-059,PRJ-039,CO_INVESTIGATOR
INV-055,PRJ-040,PI
INV-054,PRJ-040,CO_INVESTIGATOR
INV-045,PRJ-041,PI
INV-049,PRJ-041,CO_INVESTIGATOR
INV-058,PRJ-042,PI
INV-050,PRJ-042,CO_INVESTIGATOR
INV-072,PRJ-042,CO_INVESTIGATOR
INV-065,PRJ-043,PI
INV-072,PRJ-043,CO_INVESTIGATOR
INV-043,PRJ-044,PI
INV-059,PRJ-044,CO_INVESTIGATOR
INV-070,PRJ-045,PI
INV-048,PRJ-045,CO_INVESTIGATOR
INV-050,PRJ-045,CO_INVESTIGATOR
INV-067,PRJ-046,PI
INV-056,PRJ-046,CO_INVESTIGATOR
INV-058,PRJ-047,PI
INV-059,PRJ-047,CO_INVESTIGATOR
INV-071,PRJ-048,PI
INV-045,PRJ-048,CO_INVESTIGATOR
INV-064,PRJ-048,CO_INVESTIGATOR
INV-070,PRJ-049,PI
INV-048,PRJ-049,CO_INVESTIGATOR
INV-055,PRJ-050,PI
INV-064,PRJ-050,CO_INVESTIGATOR
INV-046,PRJ-051,PI
INV-055,PRJ-051,CO_INVESTIGATOR
INV-072,PRJ-051,CO_INVESTIGATOR
INV-052,PRJ-052,PI
INV-068,PRJ-052,CO_INVESTIGATOR
INV-046,PRJ-053,PI
INV-053,PRJ-053,CO_INVESTIGATOR
INV-070,PRJ-054,PI
INV-055,PRJ-054,CO_INVESTIGATOR
INV-054,PRJ-054,CO_INVESTIGATOR
INV-045,PRJ-055,PI
INV-062,PRJ-055,CO_INVESTIGATOR
INV-069,PRJ-056,PI
INV-050,PRJ-056,CO_INVESTIGATOR
INV-045,PRJ-057,PI
INV-055,PRJ-057,CO_INVESTIGATOR
INV-054,PRJ-057,CO_INVESTIGATOR
INV-073,PRJ-058,PI
INV-047,PRJ-058,CO_INVESTIGATOR
INV-043,PRJ-059,PI
INV-050,PRJ-059,CO_INVESTIGATOR
INV-049,PRJ-060,PI
INV-047,PRJ-060,CO_INVESTIGATOR
INV-046,PRJ-060,CO_INVESTIGATOR
INV-068,PRJ-061,PI
INV-064,PRJ-061,CO_INVESTIGATOR
INV-061,PRJ-062,PI
INV-065,PRJ-062,CO_INVESTIGATOR
INV-061,PRJ-063,PI
INV-065,PRJ-063,CO_INVESTIGATOR
INV-056,PRJ-063,CO_INVESTIGATOR
INV-052,PRJ-064,PI
INV-055,PRJ-064,CO_INVESTIGATOR
INV-146,PRJ-065,PI
INV-152,PRJ-065,CO_INVESTIGATOR
INV-149,PRJ-066,PI
INV-146,PRJ-066,CO_INVESTIGATOR
INV-144,PRJ-066,CO_INVESTIGATOR
INV-148,PRJ-067,PI
INV-136,PRJ-067,CO_INVESTIGATOR
INV-132,PRJ-068,PI
INV-130,PRJ-068,CO_INVESTIGATOR
INV-129,PRJ-069,PI
INV-135,PRJ-069,CO_INVESTIGATOR
INV-146,PRJ-069,CO_INVESTIGATOR
INV-153,PRJ-070,PI
INV-136,PRJ-070,CO_INVESTIGATOR
INV-137,PRJ-071,PI
INV-131,PRJ-071,CO_INVESTIGATOR
INV-151,PRJ-072,PI
INV-128,PRJ-072,CO_INVESTIGATOR
INV-153,PRJ-072,CO_INVESTIGATOR
INV-128,PRJ-073,PI
INV-139,PRJ-073,CO_INVESTIGATOR
INV-133,PRJ-074,PI
INV-152,PRJ-074,CO_INVESTIGATOR
INV-136,PRJ-075,PI
INV-147,PRJ-075,CO_INVESTIGATOR
INV-139,PRJ-075,CO_INVESTIGATOR
INV-131,PRJ-076,PI
INV-133,PRJ-076,CO_INVESTIGATOR
INV-151,PRJ-077,PI
INV-140,PRJ-077,CO_INVESTIGATOR
INV-133,PRJ-078,PI
INV-139,PRJ-078,CO_INVESTIGATOR
INV-144,PRJ-078,CO_INVESTIGATOR
INV-147,PRJ-079,PI
INV-134,PRJ-079,CO_INVESTIGATOR
INV-153,PRJ-080,PI
INV-137,PRJ-080,CO_INVESTIGATOR
INV-133,PRJ-081,PI
INV-138,PRJ-081,CO_INVESTIGATOR
INV-130,PRJ-081,CO_INVESTIGATOR
INV-148,PRJ-082,PI
INV-150,PRJ-082,CO_INVESTIGATOR
INV-142,PRJ-083,PI
INV-146,PRJ-083,CO_INVESTIGATOR
INV-144,PRJ-084,PI
INV-149,PRJ-084,CO_INVESTIGATOR
INV-133,PRJ-084,CO_INVESTIGATOR
INV-130,PRJ-085,PI
INV-142,PRJ-085,CO_INVESTIGATOR
INV-149,PRJ-086,PI
INV-139,PRJ-086,CO_INVESTIGATOR
INV-147,PRJ-087,PI
INV-132,PRJ-087,CO_INVESTIGATOR
INV-138,PRJ-087,CO_INVESTIGATOR
INV-148,PRJ-088,PI
INV-133,PRJ-088,CO_INVESTIGATOR
INV-163,PRJ-089,PI
INV-176,PRJ-089,CO_INVESTIGATOR
INV-176,PRJ-090,PI
INV-178,PRJ-090,CO_INVESTIGATOR
INV-170,PRJ-090,CO_INVESTIGATOR
INV-174,PRJ-091,PI
INV-157,PRJ-091,CO_INVESTIGATOR
INV-155,PRJ-092,PI
INV-176,PRJ-092,CO_INVESTIGATOR
INV-164,PRJ-093,PI
INV-161,PRJ-093,CO_INVESTIGATOR
INV-157,PRJ-093,CO_INVESTIGATOR
INV-177,PRJ-094,PI
INV-171,PRJ-094,CO_INVESTIGATOR
INV-177,PRJ-095,PI
INV-169,PRJ-095,CO_INVESTIGATOR
INV-158,PRJ-096,PI
INV-180,PRJ-096,CO_INVESTIGATOR
INV-168,PRJ-096,CO_INVESTIGATOR
INV-087,PRJ-097,PI
INV-074,PRJ-097,CO_INVESTIGATOR
INV-089,PRJ-098,PI
INV-095,PRJ-098,CO_INVESTIGATOR
INV-086,PRJ-099,PI
INV-084,PRJ-099,CO_INVESTIGATOR
INV-091,PRJ-099,CO_INVESTIGATOR
INV-099,PRJ-100,PI
INV-096,PRJ-100,CO_INVESTIGATOR
INV-096,PRJ-101,PI
INV-080,PRJ-101,CO_INVESTIGATOR
INV-083,PRJ-102,PI
INV-095,PRJ-102,CO_INVESTIGATOR
INV-096,PRJ-102,CO_INVESTIGATOR
INV-087,PRJ-103,PI
INV-091,PRJ-103,CO_INVESTIGATOR
INV-080,PRJ-104,PI
INV-086,PRJ-104,CO_INVESTIGATOR
INV-075,PRJ-105,PI
INV-090,PRJ-105,CO_INVESTIGATOR
INV-078,PRJ-105,CO_INVESTIGATOR
INV-087,PRJ-106,PI
INV-085,PRJ-106,CO_INVESTIGATOR
INV-079,PRJ-107,PI
INV-074,PRJ-107,CO_INVESTIGATOR
INV-084,PRJ-108,PI
INV-081,PRJ-108,CO_INVESTIGATOR
INV-088,PRJ-108,CO_INVESTIGATOR
INV-090,PRJ-109,PI
INV-089,PRJ-109,CO_INVESTIGATOR
INV-095,PRJ-110,PI
INV-092,PRJ-110,CO_INVESTIGATOR
INV-083,PRJ-111,PI
INV-077,PRJ-111,CO_INVESTIGATOR
INV-081,PRJ-111,CO_INVESTIGATOR
INV-081,PRJ-112,PI
INV-079,PRJ-112,CO_INVESTIGATOR
INV-020,PRJ-113,PI
INV-018,PRJ-113,CO_INVESTIGATOR
INV-030,PRJ-114,PI
INV-034,PRJ-114,CO_INVESTIGATOR
INV-023,PRJ-114,CO_INVESTIGATOR
INV-016,PRJ-115,PI
INV-007,PRJ-115,CO_INVESTIGATOR
INV-021,PRJ-116,PI
INV-018,PRJ-116,CO_INVESTIGATOR
INV-009,PRJ-117,PI
INV-021,PRJ-117,CO_INVESTIGATOR
INV-010,PRJ-117,CO_INVESTIGATOR
INV-002,PRJ-118,PI
INV-027,PRJ-118,CO_INVESTIGATOR
INV-017,PRJ-119,PI
INV-008,PRJ-119,CO_INVESTIGATOR
INV-005,PRJ-120,PI
INV-008,PRJ-120,CO_INVESTIGATOR
INV-039,PRJ-120,CO_INVESTIGATOR
INV-036,PRJ-121,PI
INV-009,PRJ-121,CO_INVESTIGATOR
INV-002,PRJ-122,PI
INV-019,PRJ-122,CO_INVESTIGATOR
INV-023,PRJ-123,PI
INV-030,PRJ-123,CO_INVESTIGATOR
INV-037,PRJ-123,CO_INVESTIGATOR
INV-021,PRJ-124,PI
INV-001,PRJ-124,CO_INVESTIGATOR
INV-028,PRJ-125,PI
INV-007,PRJ-125,CO_INVESTIGATOR
INV-037,PRJ-126,PI
INV-028,PRJ-126,CO_INVESTIGATOR
INV-021,PRJ-126,CO_INVESTIGATOR
INV-029,PRJ-127,PI
INV-031,PRJ-127,CO_INVESTIGATOR
INV-011,PRJ-128,PI
INV-015,PRJ-128,CO_INVESTIGATOR
INV-016,PRJ-129,PI
INV-001,PRJ-129,CO_INVESTIGATOR
INV-020,PRJ-129,CO_INVESTIGATOR
INV-002,PRJ-130,PI
INV-032,PRJ-130,CO_INVESTIGATOR
INV-010,PRJ-131,PI
INV-011,PRJ-131,CO_INVESTIGATOR
INV-037,PRJ-132,PI
INV-033,PRJ-132,CO_INVESTIGATOR
INV-002,PRJ-132,CO_INVESTIGATOR
INV-014,PRJ-133,PI
INV-031,PRJ-133,CO_INVESTIGATOR
INV-020,PRJ-134,PI
INV-004,PRJ-134,CO_INVESTIGATOR
INV-040,PRJ-135,PI
INV-031,PRJ-135,CO_INVESTIGATOR
INV-023,PRJ-135,CO_INVESTIGATOR
INV-012,PRJ-136,PI
INV-007,PRJ-136,CO_INVESTIGATOR
INV-174,PRJ-137,PI
INV-156,PRJ-137,CO_INVESTIGATOR
INV-180,PRJ-138,PI
INV-158,PRJ-138,CO_INVESTIGATOR
INV-166,PRJ-138,CO_INVESTIGATOR
INV-171,PRJ-139,PI
INV-170,PRJ-139,CO_INVESTIGATOR
INV-163,PRJ-140,PI
INV-157,PRJ-140,CO_INVESTIGATOR
INV-166,PRJ-141,PI
INV-170,PRJ-141,CO_INVESTIGATOR
INV-178,PRJ-141,CO_INVESTIGATOR
INV-158,PRJ-142,PI
INV-168,PRJ-142,CO_INVESTIGATOR
INV-157,PRJ-143,PI
INV-160,PRJ-143,CO_INVESTIGATOR
INV-169,PRJ-144,PI
INV-176,PRJ-144,CO_INVESTIGATOR
INV-164,PRJ-144,CO_INVESTIGATOR
INV-090,PRJ-145,PI
INV-078,PRJ-145,CO_INVESTIGATOR
INV-093,PRJ-146,PI
INV-098,PRJ-146,CO_INVESTIGATOR
INV-092,PRJ-147,PI
INV-089,PRJ-147,CO_INVESTIGATOR
INV-085,PRJ-147,CO_INVESTIGATOR
INV-083,PRJ-148,PI
INV-098,PRJ-148,CO_INVESTIGATOR
INV-094,PRJ-149,PI
INV-077,PRJ-149,CO_INVESTIGATOR
INV-097,PRJ-150,PI
INV-089,PRJ-150,CO_INVESTIGATOR
INV-087,PRJ-150,CO_INVESTIGATOR
INV-089,PRJ-151,PI
INV-092,PRJ-151,CO_INVESTIGATOR
INV-084,PRJ-152,PI
INV-096,PRJ-152,CO_INVESTIGATOR
INV-149,PRJ-153,PI
INV-130,PRJ-153,CO_INVESTIGATOR
INV-152,PRJ-153,CO_INVESTIGATOR
INV-146,PRJ-154,PI
INV-154,PRJ-154,CO_INVESTIGATOR
INV-134,PRJ-155,PI
INV-148,PRJ-155,CO_INVESTIGATOR
INV-135,PRJ-156,PI
INV-150,PRJ-156,CO_INVESTIGATOR
INV-143,PRJ-156,CO_INVESTIGATOR
INV-150,PRJ-157,PI
INV-144,PRJ-157,CO_INVESTIGATOR
INV-140,PRJ-158,PI
INV-153,PRJ-158,CO_INVESTIGATOR
INV-135,PRJ-159,PI
INV-136,PRJ-159,CO_INVESTIGATOR
INV-138,PRJ-159,CO_INVESTIGATOR
INV-152,PRJ-160,PI
INV-136,PRJ-160,CO_INVESTIGATOR
INV-027,PRJ-161,PI
INV-004,PRJ-161,CO_INVESTIGATOR
INV-048,PRJ-162,PI
INV-073,PRJ-162,CO_INVESTIGATOR
INV-063,PRJ-162,CO_INVESTIGATOR
INV-092,PRJ-163,PI
INV-096,PRJ-163,CO_INVESTIGATOR
INV-113,PRJ-164,PI
INV-117,PRJ-164,CO_INVESTIGATOR
INV-153,PRJ-165,PI
INV-137,PRJ-165,CO_INVESTIGATOR
INV-129,PRJ-165,CO_INVESTIGATOR
INV-171,PRJ-166,PI
INV-176,PRJ-166,CO_INVESTIGATOR
INV-033,PRJ-167,PI
INV-037,PRJ-167,CO_INVESTIGATOR
INV-047,PRJ-168,PI
INV-045,PRJ-168,CO_INVESTIGATOR
INV-058,PRJ-168,CO_INVESTIGATOR
INV-093,PRJ-169,PI
INV-075,PRJ-169,CO_INVESTIGATOR
INV-127,PRJ-170,PI
INV-125,PRJ-170,CO_INVESTIGATOR
INV-149,PRJ-171,PI
INV-129,PRJ-171,CO_INVESTIGATOR
INV-132,PRJ-171,CO_INVESTIGATOR
INV-163,PRJ-172,PI
INV-180,PRJ-172,CO_INVESTIGATOR
INV-024,PRJ-173,PI
INV-021,PRJ-173,CO_INVESTIGATOR
INV-055,PRJ-174,PI
INV-051,PRJ-174,CO_INVESTIGATOR
INV-066,PRJ-174,CO_INVESTIGATOR
INV-090,PRJ-175,PI
INV-083,PRJ-175,CO_INVESTIGATOR
INV-113,PRJ-176,PI
INV-108,PRJ-176,CO_INVESTIGATOR
INV-140,PRJ-177,PI
INV-145,PRJ-177,CO_INVESTIGATOR
INV-150,PRJ-177,CO_INVESTIGATOR
INV-160,PRJ-178,PI
INV-162,PRJ-178,CO_INVESTIGATOR
INV-020,PRJ-179,PI
INV-013,PRJ-179,CO_INVESTIGATOR
INV-067,PRJ-180,PI
INV-059,PRJ-180,CO_INVESTIGATOR
INV-046,PRJ-180,CO_INVESTIGATOR
INV-075,PRJ-181,PI
INV-091,PRJ-181,CO_INVESTIGATOR
INV-117,PRJ-182,PI
INV-110,PRJ-182,CO_INVESTIGATOR
INV-138,PRJ-183,PI
INV-136,PRJ-183,CO_INVESTIGATOR
INV-150,PRJ-183,CO_INVESTIGATOR
INV-158,PRJ-184,PI
INV-157,PRJ-184,CO_INVESTIGATOR
INV-027,PRJ-185,PI
INV-034,PRJ-185,CO_INVESTIGATOR
INV-054,PRJ-186,PI
INV-044,PRJ-186,CO_INVESTIGATOR
INV-065,PRJ-186,CO_INVESTIGATOR
INV-083,PRJ-187,PI
INV-084,PRJ-187,CO_INVESTIGATOR
INV-120,PRJ-188,PI
INV-124,PRJ-188,CO_INVESTIGATOR
INV-129,PRJ-189,PI
INV-146,PRJ-189,CO_INVESTIGATOR
INV-135,PRJ-189,CO_INVESTIGATOR
INV-179,PRJ-190,PI
INV-173,PRJ-190,CO_INVESTIGATOR
INV-032,PRJ-191,PI
INV-001,PRJ-191,CO_INVESTIGATOR
INV-069,PRJ-192,PI
INV-046,PRJ-192,CO_INVESTIGATOR
INV-058,PRJ-192,CO_INVESTIGATOR
INV-078,PRJ-193,PI
INV-082,PRJ-193,CO_INVESTIGATOR
INV-114,PRJ-194,PI
INV-111,PRJ-194,CO_INVESTIGATOR
INV-136,PRJ-195,PI
INV-137,PRJ-195,CO_INVESTIGATOR
INV-147,PRJ-195,CO_INVESTIGATOR
INV-166,PRJ-196,PI
INV-160,PRJ-196,CO_INVESTIGATOR
INV-007,PRJ-197,PI
INV-014,PRJ-197,CO_INVESTIGATOR
INV-052,PRJ-198,PI
INV-066,PRJ-198,CO_INVESTIGATOR
INV-054,PRJ-198,CO_INVESTIGATOR
INV-079,PRJ-199,PI
INV-088,PRJ-199,CO_INVESTIGATOR
INV-119,PRJ-200,PI
INV-123,PRJ-200,CO_INVESTIGATOR
INV-145,PRJ-201,PI
INV-150,PRJ-201,CO_INVESTIGATOR
INV-133,PRJ-201,CO_INVESTIGATOR
INV-161,PRJ-202,PI
INV-170,PRJ-202,CO_INVESTIGATOR
INV-010,PRJ-203,PI
INV-028,PRJ-203,CO_INVESTIGATOR
INV-071,PRJ-204,PI
INV-060,PRJ-204,CO_INVESTIGATOR
INV-064,PRJ-204,CO_INVESTIGATOR
INV-086,PRJ-205,PI
INV-084,PRJ-205,CO_INVESTIGATOR
INV-112,PRJ-206,PI
INV-123,PRJ-206,CO_INVESTIGATOR
INV-140,PRJ-207,PI
INV-131,PRJ-207,CO_INVESTIGATOR
INV-142,PRJ-207,CO_INVESTIGATOR
INV-169,PRJ-208,PI
INV-165,PRJ-208,CO_INVESTIGATOR
INV-038,PRJ-209,PI
INV-027,PRJ-209,CO_INVESTIGATOR
INV-055,PRJ-210,PI
INV-047,PRJ-210,CO_INVESTIGATOR
INV-067,PRJ-210,CO_INVESTIGATOR
INV-074,PRJ-211,PI
INV-088,PRJ-211,CO_INVESTIGATOR
INV-117,PRJ-212,PI
INV-110,PRJ-212,CO_INVESTIGATOR
INV-139,PRJ-213,PI
INV-138,PRJ-213,CO_INVESTIGATOR
INV-146,PRJ-213,CO_INVESTIGATOR
INV-155,PRJ-214,PI
INV-176,PRJ-214,CO_INVESTIGATOR
INV-035,PRJ-215,PI
INV-036,PRJ-215,CO_INVESTIGATOR
INV-059,PRJ-216,PI
INV-049,PRJ-216,CO_INVESTIGATOR
INV-062,PRJ-216,CO_INVESTIGATOR
INV-095,PRJ-217,PI
INV-094,PRJ-217,CO_INVESTIGATOR
INV-101,PRJ-218,PI
INV-103,PRJ-218,CO_INVESTIGATOR
INV-154,PRJ-219,PI
INV-128,PRJ-219,CO_INVESTIGATOR
INV-147,PRJ-219,CO_INVESTIGATOR
INV-167,PRJ-220,PI
INV-163,PRJ-220,CO_INVESTIGATOR
INV-041,PRJ-221,PI
INV-025,PRJ-221,CO_INVESTIGATOR
INV-045,PRJ-222,PI
INV-060,PRJ-222,CO_INVESTIGATOR
INV-067,PRJ-222,CO_INVESTIGATOR
INV-084,PRJ-223,PI
INV-081,PRJ-223,CO_INVESTIGATOR
INV-120,PRJ-224,PI
INV-107,PRJ-224,CO_INVESTIGATOR
INV-152,PRJ-225,PI
INV-153,PRJ-225,CO_INVESTIGATOR
INV-150,PRJ-225,CO_INVESTIGATOR
INV-166,PRJ-226,PI
INV-167,PRJ-226,CO_INVESTIGATOR
INV-023,PRJ-227,PI
INV-026,PRJ-227,CO_INVESTIGATOR
INV-050,PRJ-228,PI
INV-054,PRJ-228,CO_INVESTIGATOR
INV-043,PRJ-228,CO_INVESTIGATOR
INV-075,PRJ-229,PI
INV-089,PRJ-229,CO_INVESTIGATOR
INV-105,PRJ-230,PI
INV-127,PRJ-230,CO_INVESTIGATOR
INV-152,PRJ-231,PI
INV-144,PRJ-231,CO_INVESTIGATOR
INV-145,PRJ-231,CO_INVESTIGATOR
INV-157,PRJ-232,PI
INV-173,PRJ-232,CO_INVESTIGATOR
INV-035,PRJ-233,PI
INV-011,PRJ-233,CO_INVESTIGATOR
INV-059,PRJ-234,PI
INV-069,PRJ-234,CO_INVESTIGATOR
INV-067,PRJ-234,CO_INVESTIGATOR
INV-083,PRJ-235,PI
INV-098,PRJ-235,CO_INVESTIGATOR
INV-114,PRJ-236,PI
INV-101,PRJ-236,CO_INVESTIGATOR
INV-141,PRJ-237,PI
INV-130,PRJ-237,CO_INVESTIGATOR
INV-132,PRJ-237,CO_INVESTIGATOR
INV-174,PRJ-238,PI
INV-158,PRJ-238,CO_INVESTIGATOR
INV-009,PRJ-239,PI
INV-005,PRJ-239,CO_INVESTIGATOR
INV-071,PRJ-240,PI
INV-054,PRJ-240,CO_INVESTIGATOR
INV-057,PRJ-240,CO_INVESTIGATOR
INV-092,PRJ-241,PI
INV-095,PRJ-241,CO_INVESTIGATOR
INV-110,PRJ-242,PI
INV-104,PRJ-242,CO_INVESTIGATOR
INV-150,PRJ-243,PI
INV-154,PRJ-243,CO_INVESTIGATOR
INV-146,PRJ-243,CO_INVESTIGATOR
INV-159,PRJ-244,PI
INV-167,PRJ-244,CO_INVESTIGATOR
INV-014,PRJ-245,PI
INV-017,PRJ-245,CO_INVESTIGATOR
INV-069,PRJ-246,PI
INV-058,PRJ-246,CO_INVESTIGATOR
INV-066,PRJ-246,CO_INVESTIGATOR
INV-094,PRJ-247,PI
INV-083,PRJ-247,CO_INVESTIGATOR
INV-111,PRJ-248,PI
INV-120,PRJ-248,CO_INVESTIGATOR
INV-143,PRJ-249,PI
INV-135,PRJ-249,CO_INVESTIGATOR
INV-149,PRJ-249,CO_INVESTIGATOR
INV-155,PRJ-250,PI
INV-162,PRJ-250,CO_INVESTIGATOR
INV-018,PRJ-251,PI
INV-001,PRJ-251,CO_INVESTIGATOR
INV-069,PRJ-252,PI
INV-062,PRJ-252,CO_INVESTIGATOR
INV-050,PRJ-252,CO_INVESTIGATOR
INV-076,PRJ-253,PI
INV-088,PRJ-253,CO_INVESTIGATOR
INV-124,PRJ-254,PI
INV-122,PRJ-254,CO_INVESTIGATOR
INV-129,PRJ-255,PI
INV-131,PRJ-255,CO_INVESTIGATOR
INV-134,PRJ-255,CO_INVESTIGATOR
INV-167,PRJ-256,PI
INV-179,PRJ-256,CO_INVESTIGATOR
INV-028,PRJ-257,PI
INV-005,PRJ-257,CO_INVESTIGATOR
INV-069,PRJ-258,PI
INV-058,PRJ-258,CO_INVESTIGATOR
INV-073,PRJ-258,CO_INVESTIGATOR
INV-096,PRJ-259,PI
INV-087,PRJ-259,CO_INVESTIGATOR
INV-101,PRJ-260,PI
INV-113,PRJ-260,CO_INVESTIGATOR
INV-134,PRJ-261,PI
INV-136,PRJ-261,CO_INVESTIGATOR
INV-133,PRJ-261,CO_INVESTIGATOR
INV-164,PRJ-262,PI
INV-179,PRJ-262,CO_INVESTIGATOR
INV-011,PRJ-263,PI
INV-012,PRJ-263,CO_INVESTIGATOR
INV-064,PRJ-264,PI
INV-043,PRJ-264,CO_INVESTIGATOR
INV-072,PRJ-264,CO_INVESTIGATOR
INV-094,PRJ-265,PI
INV-096,PRJ-265,CO_INVESTIGATOR
INV-120,PRJ-266,PI
INV-103,PRJ-266,CO_INVESTIGATOR
INV-139,PRJ-267,PI
INV-135,PRJ-267,CO_INVESTIGATOR
INV-147,PRJ-267,CO_INVESTIGATOR
INV-171,PRJ-268,PI
INV-179,PRJ-268,CO_INVESTIGATOR
INV-016,PRJ-269,PI
INV-025,PRJ-269,CO_INVESTIGATOR
INV-055,PRJ-270,PI
INV-062,PRJ-270,CO_INVESTIGATOR
INV-063,PRJ-270,CO_INVESTIGATOR
INV-094,PRJ-271,PI
INV-081,PRJ-271,CO_INVESTIGATOR
INV-120,PRJ-272,PI
INV-110,PRJ-272,CO_INVESTIGATOR
INV-153,PRJ-273,PI
INV-149,PRJ-273,CO_INVESTIGATOR
INV-145,PRJ-273,CO_INVESTIGATOR
INV-168,PRJ-274,PI
INV-156,PRJ-274,CO_INVESTIGATOR
INV-023,PRJ-275,PI
INV-037,PRJ-275,CO_INVESTIGATOR
INV-047,PRJ-276,PI
INV-066,PRJ-276,CO_INVESTIGATOR
INV-069,PRJ-276,CO_INVESTIGATOR
INV-076,PRJ-277,PI
INV-078,PRJ-277,CO_INVESTIGATOR
INV-101,PRJ-278,PI
INV-105,PRJ-278,CO_INVESTIGATOR
INV-147,PRJ-279,PI
INV-135,PRJ-279,CO_INVESTIGATOR
INV-143,PRJ-279,CO_INVESTIGATOR
INV-174,PRJ-280,PI
INV-175,PRJ-280,CO_INVESTIGATOR
INV-015,PRJ-281,PI
INV-022,PRJ-281,CO_INVESTIGATOR
INV-044,PRJ-282,PI
INV-069,PRJ-282,CO_INVESTIGATOR
INV-050,PRJ-282,CO_INVESTIGATOR
INV-077,PRJ-283,PI
INV-081,PRJ-283,CO_INVESTIGATOR
INV-102,PRJ-284,PI
INV-127,PRJ-284,CO_INVESTIGATOR
INV-139,PRJ-285,PI
INV-153,PRJ-285,CO_INVESTIGATOR
INV-129,PRJ-285,CO_INVESTIGATOR
INV-158,PRJ-286,PI
INV-168,PRJ-286,CO_INVESTIGATOR
INV-014,PRJ-287,PI
INV-029,PRJ-287,CO_INVESTIGATOR
INV-059,PRJ-288,PI
INV-065,PRJ-288,CO_INVESTIGATOR
INV-052,PRJ-288,CO_INVESTIGATOR
INV-081,PRJ-289,PI
INV-087,PRJ-289,CO_INVESTIGATOR
INV-126,PRJ-290,PI
INV-123,PRJ-290,CO_INVESTIGATOR
INV-136,PRJ-291,PI
INV-148,PRJ-291,CO_INVESTIGATOR
INV-131,PRJ-291,CO_INVESTIGATOR
INV-170,PRJ-292,PI
INV-175,PRJ-292,CO_INVESTIGATOR
INV-035,PRJ-293,PI
INV-029,PRJ-293,CO_INVESTIGATOR
INV-044,PRJ-294,PI
INV-073,PRJ-294,CO_INVESTIGATOR
INV-068,PRJ-294,CO_INVESTIGATOR
INV-098,PRJ-295,PI
INV-074,PRJ-295,CO_INVESTIGATOR
INV-107,PRJ-296,PI
INV-106,PRJ-296,CO_INVESTIGATOR
INV-145,PRJ-297,PI
INV-153,PRJ-297,CO_INVESTIGATOR
INV-152,PRJ-297,CO_INVESTIGATOR
INV-165,PRJ-298,PI
INV-175,PRJ-298,CO_INVESTIGATOR
INV-009,PRJ-299,PI
INV-010,PRJ-299,CO_INVESTIGATOR
INV-049,PRJ-300,PI
INV-051,PRJ-300,CO_INVESTIGATOR
INV-048,PRJ-300,CO_INVESTIGATOR
INV-079,PRJ-301,PI
INV-081,PRJ-301,CO_INVESTIGATOR
INV-100,PRJ-302,PI
INV-117,PRJ-302,CO_INVESTIGATOR
INV-144,PRJ-303,PI
INV-131,PRJ-303,CO_INVESTIGATOR
INV-139,PRJ-303,CO_INVESTIGATOR
INV-160,PRJ-304,PI
INV-169,PRJ-304,CO_INVESTIGATOR
INV-040,PRJ-305,PI
INV-027,PRJ-305,CO_INVESTIGATOR
INV-066,PRJ-306,PI
INV-058,PRJ-306,CO_INVESTIGATOR
INV-045,PRJ-306,CO_INVESTIGATOR
INV-081,PRJ-307,PI
INV-097,PRJ-307,CO_INVESTIGATOR
INV-122,PRJ-308,PI
INV-100,PRJ-308,CO_INVESTIGATOR
INV-131,PRJ-309,PI
INV-145,PRJ-309,CO_INVESTIGATOR
INV-151,PRJ-309,CO_INVESTIGATOR
INV-156,PRJ-310,PI
INV-167,PRJ-310,CO_INVESTIGATOR
INV-029,PRJ-311,PI
INV-013,PRJ-311,CO_INVESTIGATOR
INV-048,PRJ-312,PI
INV-073,PRJ-312,CO_INVESTIGATOR
INV-053,PRJ-312,CO_INVESTIGATOR
INV-084,PRJ-313,PI
INV-091,PRJ-313,CO_INVESTIGATOR
INV-119,PRJ-314,PI
INV-106,PRJ-314,CO_INVESTIGATOR
INV-132,PRJ-315,PI
INV-136,PRJ-315,CO_INVESTIGATOR
INV-131,PRJ-315,CO_INVESTIGATOR
INV-160,PRJ-316,PI
INV-171,PRJ-316,CO_INVESTIGATOR
INV-011,PRJ-317,PI
INV-034,PRJ-317,CO_INVESTIGATOR
INV-065,PRJ-318,PI
INV-052,PRJ-318,CO_INVESTIGATOR
INV-066,PRJ-318,CO_INVESTIGATOR
INV-099,PRJ-319,PI
INV-081,PRJ-319,CO_INVESTIGATOR
INV-109,PRJ-320,PI
INV-121,PRJ-320,CO_INVESTIGATOR
